price,address,bedroom,den,bathroom
"$1,199,999 ","2977 HEARTWOOD LANE, Pickering, Ontario ",4,0,3
"$799,900 ","19 WEEKES DR, Ajax, Ontario ",3,1,4
"$445,000 ","#3411 -251 JARVIS ST, Toronto, Ontario ",0,0,1
"$999,000 ","#1513 -30 SHORE BREEZE DR, Toronto, Ontario ",2,0,1
"$679,900 ","#106 -9700 NINTH LINE, Markham, Ontario ",2,1,2
"$2,588,888 ","601 SPADINA RD, Toronto, Ontario ",4,1,5
"$995,000 ","#3206 -101 CHARLES ST E, Toronto, Ontario ",2,0,2
"$634,900 ","#412 -73 KING WILLIAM CRES N, Richmond Hill, Ontario ",2,0,1
"$688,000 ","#5508 -197 YONGE ST, Toronto, Ontario ",1,0,1
"$987,000 ","2023 DUFFERIN ST, Toronto, Ontario ",3,2,2
"$1,219,000 ","3259 STRABANE DR, Mississauga, Ontario ",4,0,2
"$2,970,000 ","19 LEEDS ST, Toronto, Ontario ",8,3,7
"$1,849,900 ","40 CONLINS RD, Toronto, Ontario ",5,0,2
"$999,999 ","1569 GREENMOUNT ST, Pickering, Ontario ",3,1,4
"$599,000 ","#309 -75 ST NICHOLAS ST, Toronto, Ontario ",1,0,1
"$1,499,999 ","#2212 -470 FRONT ST W, Toronto, Ontario ",2,0,2
"$780,000 ","#101 -65 WATERGARDEN DR, Mississauga, Ontario ",2,0,2
"$989,000 ","3327 MORNING STAR DR, Mississauga, Ontario ",4,1,3
"$629,990 ","#426 -86 DUNDAS ST S, Mississauga, Ontario ",1,1,2
"$699,990 ","#1716 -86 DUNDAS ST S, Mississauga, Ontario ",2,1,2
"$2,970,000 ","19 LEEDS ST, Toronto, Ontario ",0,0,7
"$2,699,900 ","34 CLARIDGE DR, Richmond Hill, Ontario ",4,1,4
"$1,299,000 ","91 SEQUIN DR, Richmond Hill, Ontario ",3,1,4
"$5,500,000 ","12 MINER CIRC, Markham, Ontario ",4,1,7
"$5,500,000 ","12 MINER CIRC, Markham, Ontario ",4,1,7
"$1,075,000 ","#421 -88 COLGATE AVE, Toronto, Ontario ",2,0,2
"$899,900 ","#N/A -2515 SIXTH CONCESSION RD E, Pickering, Ontario ",3,0,3
"$769,900 ","#653 -25 ADRA GRADO WAY, Toronto, Ontario ",1,1,1
"$2,499,000 ","376 GEORGE ST, Toronto, Ontario ",4,0,5
"$1,410,000 ","#PH2108 -25 MCMAHON DR, Toronto, Ontario ",3,0,2
"$10,800,000 ","83 BAYVIEW RDGE, Toronto, Ontario ",4,1,6
"$800,000 ","#1014 -5 DEFRIES ST, Toronto, Ontario ",1,0,1
"$1,450,000 ","1423 NORTH MILL Court, Mississauga, Ontario ",3,2,4
"$1,110,888 ","4639 CROSSWINDS DR, Mississauga, Ontario ",3,0,3
"$867,000 ","#60 -1588 SOUTH PARADE CRT, Mississauga, Ontario ",3,0,3
"$719,000 ","#2 -20 BROOKWELL DR, Toronto, Ontario ",3,1,2
"$629,000 ","#PH2208 -4675 METCALFE AVE, Mississauga, Ontario ",1,1,2
"$785,000 ","#1806 -1928 LAKE SHORE BLVD W, Toronto, Ontario ",2,1,2
"$1,399,888 ","59 MILLCREEK CRES, Vaughan, Ontario ",4,2,4
"$1,188,000 ","22 KRISBURY AVE, Vaughan, Ontario ",3,0,3
"$3,130,000 ","131 PEMBERTON RD S, Richmond Hill, Ontario ",4,2,4
"$398,888 ","#305 -3088 KENNEDY RD, Toronto, Ontario ",1,0,1
"$2,560,000 ","1A IVY AVE, Toronto, Ontario ",4,1,5
"$904,000 ","#2701 -286 MAIN ST, Toronto, Ontario ",2,0,2
"$1,589,000 ","37 MARCELLA ST, Toronto, Ontario ",4,2,5
"$585,000 ","#2206 -18 HOLMES AVE W, Toronto, Ontario ",1,0,1
"$1,499,000 ","502 WILSON HEIGHTS BLVD, Toronto, Ontario ",3,2,2
"$1,499,000 ","504 WILSON HEIGHTS BLVD, Toronto, Ontario ",3,2,3
"$388,888 ","#268 -10 EDDYSTONE AVE, Toronto, Ontario ",3,0,2
"$969,000 ","#TPH01 -35 KINGSBRIDGE GARDEN CIRC, Mississauga, Ontario ",2,1,2
"$651,000 ","#PH 14 -310 BURNHAMTHORPE RD, Mississauga, Ontario ",2,1,2
"$1,450,000 ","1423 NORTH MILL CRT, Mississauga, Ontario ",3,2,4
"$565,000 ","#103 -1150 PARKWEST PL, Mississauga, Ontario ",1,1,1
"$1,989,000 ","1369 CLEARVIEW DR, Oakville, Ontario ",4,1,4
"$1,369,000 ","16 MISTY MEADOW DR, Vaughan, Ontario ",4,0,4
"$798,800 ","#218 -376 HIGHWAY 7  E, Richmond Hill, Ontario ",2,0,2
"$2,988,000 ","80 BROOMFIELD DR, Toronto, Ontario ",5,1,8
"$599,000 ","#GV115 -38 KENASTON GDNS, Toronto, Ontario ",1,1,1
"$618,000 ","#1828 -111 ST CLAIR AVE W, Toronto, Ontario ",1,1,1
"$858,000 ","#1116 -2885 BAYVIEW AVE, Toronto, Ontario ",2,0,2
"$528,888 ","#701 -810 SCOLLARD CRT, Mississauga, Ontario ",1,1,1
"$999,000 ","27 DEEVALE RD, Toronto, Ontario ",3,2,2
"$1,580,000 ","2512 PAULA CRT, Mississauga, Ontario ",4,0,3
"$1,549,999 ","27 OAKHAVEN RD, Brampton, Ontario ",4,2,5
"$679,000 ","#311 -55 ELM DR W, Mississauga, Ontario ",2,1,2
"$1,798,888 ","5387 WILDERNESS TR, Mississauga, Ontario ",4,2,5
"$449,000 ","#205 -3065 QUEEN FREDERICA DR, Mississauga, Ontario ",2,0,1
"$779,000 ","#2507 -60 ABSOLUTE AVE, Mississauga, Ontario ",2,1,2
"$999,000 ","3310 QUEEN FREDERICA DR, Mississauga, Ontario ",3,1,3
"$964,999 ","7101 MINOTOLA AVE, Mississauga, Ontario ",2,2,2
"$998,000 ","235 WELDON RD, Whitchurch-Stouffville, Ontario ",3,0,4
"$649,900 ","#409 -2502 RUTHERFORD RD, Vaughan, Ontario ",1,0,2
"$998,000 ","235 WELDON RD, Whitchurch-Stouffville, Ontario ",3,0,4
"$848,800 ","18 BELIVEAU ST, Vaughan, Ontario ",2,1,2
"$589,900 ","#1419 -8 MONDEO DR, Toronto, Ontario ",1,1,1
"$749,000 ","84 BONIS AVE, Toronto, Ontario ",3,1,3
"$539,000 ","#518 -3520 DANFORTH AVE, Toronto, Ontario ",1,1,1
"$485,000 ","#1016 -100 DUNDALK DR, Toronto, Ontario ",2,0,1
"$599,000 ","#907 -20 OLIVE AVE, Toronto, Ontario ",2,0,1
"$1,659,999 ","#308 -41 DOVERCOURT RD, Toronto, Ontario ",3,0,3
"$1,200,000 ","146 SHUTER ST, Toronto, Ontario ",3,1,3
"$1,200,000 ","144 SHUTER ST, Toronto, Ontario ",4,1,3
"$1,280,000 ","#1403 -224 KING ST W, Toronto, Ontario ",2,0,2
"$1,199,900 ","#32 -8900 BATHURST ST, Vaughan, Ontario ",3,1,4
"$559,900 ","#1601 -83 BOROUGH DR, Toronto, Ontario ",1,0,1
"$1,289,000 ","#2908 -1555 FINCH AVE E, Toronto, Ontario ",2,1,3
"$548,000 ","#406 -5 ST JOSEPH ST, Toronto, Ontario ",0,0,1
"$648,000 ","#221 -28 PRINCE REGENT ST, Markham, Ontario ",1,1,2
"$999,000 ","36 MACK CLEMENT LANE, Richmond Hill, Ontario ",3,1,3
"$595,000 ","#140 -2001 BONNYMEDE DR, Mississauga, Ontario ",3,0,1
"$625,000 ","#711 -1150 PARKWEST PL, Mississauga, Ontario ",1,0,1
"$825,000 ","#67 -55 TURNTABLE CRES, Toronto, Ontario ",3,0,3
"$680,000 ","#707 -4090 LIVING ARTS DR, Mississauga, Ontario ",2,0,2
"$2,749,888 ","84 FIRST NATIONS TR, Vaughan, Ontario ",5,0,5
"$2,250,000 ","117 MAIN ST, Markham, Ontario ",4,1,4
"$555,000 ","#PH13 -51 BAFFIN CRT, Richmond Hill, Ontario ",1,0,1
"$799,000 ","#9 -42 STONEHILL CRT, Toronto, Ontario ",3,1,3
"$499,900 ","#403 -60 TOWN CENTRE CRT, Toronto, Ontario ",1,0,1
"$1,080,000 ","28 BROADLANDS BLVD, Toronto, Ontario ",3,2,2
"$760,000 ","#1408 -188 CUMBERLAND ST, Toronto, Ontario ",1,1,1
"$624,888 ","1055 SOUTHDOWN Road Unit# 510, Mississauga, Ontario ",1,0,0
"$888,800 ","#1 -1051 CEDARGLEN GATE, Mississauga, Ontario ",4,0,2
"$1,850,000 ","7 KENNING PL, Toronto, Ontario ",4,1,4
"$1,790,000 ","87 STOCKDALE CRES, Richmond Hill, Ontario ",4,0,3
"$1,890,000 ","60 GIVON ST, Vaughan, Ontario ",4,2,5
"$529,900 ","#801 -270 PALMDALE DR, Toronto, Ontario ",2,1,2
"$748,000 ","#331 -25 BAMBURGH CIRC, Toronto, Ontario ",3,0,2
"$799,000 ","#1209 -60 BRIAN HARRISON WAY, Toronto, Ontario ",3,0,2
"$899,000 ","#1003 -5 DEFRIES ST, Toronto, Ontario ",2,0,2
"$639,000 ","#2002 -955 BAY ST, Toronto, Ontario ",1,0,1
"$1,099,000 ","#1304 -181 BEDFORD RD, Toronto, Ontario ",3,0,2
"$699,000 ","#LPH10 -5500 YONGE ST, Toronto, Ontario ",2,0,2
"$608,000 ","#807 -30 ROEHAMPTON AVE, Toronto, Ontario ",1,0,1
"$1,699,000 ","107 WHITMORE AVE, Toronto, Ontario ",3,1,4
"$595,000 ","2001 Bonnymede Drive, Unit #140, Mississauga, Ontario ",3,0,1
"$625,000 ","#1815 -105 THE QUEENSWAY AVE, Toronto, Ontario ",1,1,1
"$350,000 ","#1608 -330 DIXON ST, Toronto, Ontario ",1,0,1
"$1,349,999 ","1199 SIXTH LINE, Oakville, Ontario ",4,0,2
"$624,499 ","#332 -26 GIBBS RD, Toronto, Ontario ",2,0,2
"$1,799,000 ","138 STEPHENSBROOK CIRC, Whitchurch-Stouffville, Ontario ",3,0,4
"$2,490,000 ","52 PROCTOR AVE, Markham, Ontario ",3,0,3
"$2,188,000 ","69 FREDRICK ST, Vaughan, Ontario ",4,2,7
"$1,149,000 ","142 HURST DR, Ajax, Ontario ",4,0,3
"$2,798,000 ","448 TOYNEVALE RD, Pickering, Ontario ",4,0,4
"$4,295,000 ","#708 -1 STRATHGOWAN AVE, Toronto, Ontario ",2,1,3
"$1,850,000 ","#SPH1220 -55 MERCHANTS' WHARF, Toronto, Ontario ",2,0,3
"$928,000 ","750 BURNHAMTHORPE Road E Unit# 12, Mississauga, Ontario ",4,0,4
"$1,949,000 ","330 CLAREMONT Crescent, Oakville, Ontario ",2,1,4
"$1,399,999 ","3 TEDDER ST, Toronto, Ontario ",4,1,4
"$1,099,000 ","77 EDUCATION RD, Brampton, Ontario ",4,1,5
"$439,000 ","#110 -41 MARKBROOK LANE, Toronto, Ontario ",1,0,2
"$2,098,500 ","1270 ROSE CRT, Mississauga, Ontario ",5,1,4
"$2,248,800 ","304 ELSON ST, Markham, Ontario ",4,3,6
"$828,000 ","#1711 -9000 JANE ST, Vaughan, Ontario ",2,0,2
"$699,000 ","#610 -9255 JANE ST, Vaughan, Ontario ",1,1,2
"$699,800 ","#401 -12 WOODSTREAM BLVD, Vaughan, Ontario ",2,1,2
"$850,000 ","1540 WINVILLE RD, Pickering, Ontario ",3,0,4
"$1,199,000 ","99 TUDOR GLEN CRES, Toronto, Ontario ",4,1,2
"$659,000 ","#3005 -575 BLOOR ST E, Toronto, Ontario ",1,0,1
"$1,069,000 ","#3110 -35 MERCER ST, Toronto, Ontario ",2,1,2
"$965,000 ","#305 -575 BLOOR ST E, Toronto, Ontario ",2,0,2
"$589,000 ","#2703 -68 SHUTER ST, Toronto, Ontario ",1,1,1
"$1,269,000 ","#1206 -55 SKYMARK DR, Toronto, Ontario ",2,1,2
"$534,900 ","#2002 -25 GRENVILLE ST, Toronto, Ontario ",1,1,1
"$999,999 ","14 FLAMING ROSEWAY, Toronto, Ontario ",3,0,2
"$1,350,000 ","#5503 -125 BLUE JAYS WAY, Toronto, Ontario ",3,0,2
"$550,000 ","#717 -621 SHEPPARD AVE E, Toronto, Ontario ",1,0,1
"$3,495,000 ","#607 -155 ST CLAIR AVE W, Toronto, Ontario ",2,0,3
"$796,000 ","#806 -319 JARVIS ST, Toronto, Ontario ",1,1,1
"$1,588,000 ","289 FRANK ENDEAN Road, Richmond Hill, Ontario ",4,0,4
"$759,000 ","#2706 -2212 LAKE SHORE BLVD W, Toronto, Ontario ",2,0,2
"$489,000 ","#PH408 -88 PALACE PIER CRT, Toronto, Ontario ",1,0,1
"$599,000 ","#1817 -1926 LAKE SHORE BLVD W, Toronto, Ontario ",1,1,2
"$859,900 ","#TH92 -30 CARNATION AVE, Toronto, Ontario ",2,0,3
"$789,000 ","#607 -3975 GRAND PARK DR, Mississauga, Ontario ",2,1,2
"$399,999 ","#1110 -65 WATERGARDEN DR, Mississauga, Ontario ",1,0,1
"$599,000 ","#416 -105 THE QUEENS WAY W, Toronto, Ontario ",1,1,1
"$899,000 ","#513 -57 BROCK AVE, Toronto, Ontario ",2,0,2
"$530,000 ","#408 -105 THE QUEENSWAY WAY, Toronto, Ontario ",1,0,1
"$999,000 ","189 ROYAL YORK RD, Toronto, Ontario ",4,0,2
"$899,000 ","42 CHAPMAN RD, Toronto, Ontario ",3,0,2
"$938,000 ","#4 -135 HALL ST, Richmond Hill, Ontario ",3,0,3
"$1,200,000 ","29 BELVIA DR, Vaughan, Ontario ",3,0,2
"$2,499,990 ","31 WILLIAM LOGAN DR W, Richmond Hill, Ontario ",4,0,4
"$999,000 ","25 COCO AVE, Richmond Hill, Ontario ",3,1,4
"$998,000 ","4 ORCA DR, Markham, Ontario ",3,0,3
"$988,800 ","74 STAINES RD, Toronto, Ontario ",3,1,3
"$1,139,000 ","2713 PETER MATTHEWS DR, Pickering, Ontario ",4,0,3
"$439,900 ","#3 -75 SCARBOROUGH RD, Toronto, Ontario ",2,0,1
"$1,775,000 ","70 DUNSTALL CRES, Toronto, Ontario ",0,0,0
"$949,000 ","#TH55 -295 VILLAGE GREEN SQ, Toronto, Ontario ",4,0,3
"$1,240,900 ","#1909 -25 MCMAHON DR, Toronto, Ontario ",2,1,2
"$1,788,000 ","#4310 -21 WIDMER ST, Toronto, Ontario ",3,1,2
"$998,000 ","#3905 -23 HOLLYWOOD AVE, Toronto, Ontario ",2,0,2
"$2,088,800 ",Address not available,3,3,3
"$1,398,000 ","31 UNSWORTH AVE, Toronto, Ontario ",3,0,2
"$638,000 ","#814 -1 KING ST W, Toronto, Ontario ",1,0,1
"$599,900 ","#825 -29 QUEENS QUAY E, Toronto, Ontario ",1,0,1
"$915,000 ","#6 -75 UPPER CANADA DR, Toronto, Ontario ",2,0,2
"$1,188,800 ","131D FINCH AVE E, Toronto, Ontario ",3,0,3
"$608,000 ","#1502 -460 ADELAIDE ST E, Toronto, Ontario ",1,1,1
"$728,888 ","#926 -628 FLEET ST, Toronto, Ontario ",1,1,1
"$3,800,000 ","30 RESTWELL CRES, Toronto, Ontario ",2,3,4
"$805,000 ","#307 -35 TUBMAN AVE, Toronto, Ontario ",2,0,2
"$1,688,000 ","120 HARLANDALE AVE, Toronto, Ontario ",3,2,3
"$619,900 ","#402 -51 EAST LIBERTY ST, Toronto, Ontario ",1,0,1
"$1,200,000 ","29 BELVIA Drive, Vaughan, Ontario ",3,0,2
"$1,949,000 ","330 CLAREMONT CRES, Oakville, Ontario ",3,1,4
"$1,050,000 ","10 JOSEPH ST, Toronto, Ontario ",4,1,3
"$1,149,900 ","106 BENJAMIN BOAKE TR, Toronto, Ontario ",4,1,3
"$749,000 ","#404 -1001 ROSELAWN AVE, Toronto, Ontario ",1,0,1
"$588,000 ","#1804 -3985 GRAND PARK DR, Mississauga, Ontario ",1,0,1
"$588,000 ","#1804 -3985 GRAND PARK DR, Mississauga, Ontario ",1,0,1
"$879,900 ","#1 -130 TENTH ST, Toronto, Ontario ",2,0,2
"$449,000 ","#401 -3621 LAKESHORE BLVD, Toronto, Ontario ",3,0,1
"$974,900 ","41 THIRTEENTH ST, Toronto, Ontario ",2,1,2
"$580,000 ","#2711 -5 VALHALLA INN RD, Toronto, Ontario ",1,1,1
"$7,999,900 ","94 CUMBERLAND DR, Mississauga, Ontario ",4,1,6
"$612,000 ","#509 -2212 LAKE SHORE BLVD W, Toronto, Ontario ",1,1,1
"$998,000 ","245 WHITE'S HILL AVE, Markham, Ontario ",3,0,3
"$839,000 ","#823 -75 WELDRICK RD E, Richmond Hill, Ontario ",3,1,3
"$998,000 ","32 TUFO AVE, Markham, Ontario ",4,1,5
"$1,598,000 ","241 VENETO DR, Vaughan, Ontario ",4,0,4
"$1,349,000 ","2 HUGHES ST, Richmond Hill, Ontario ",3,2,3
"$899,900 ","2604 CERISE MANR, Pickering, Ontario ",3,0,3
"$899,000 ","253 GOWAN AVE, Toronto, Ontario ",2,0,1
"$1,749,900 ","1450 HAWKTAIL PATH, Pickering, Ontario ",4,0,4
"$959,000 ","53 BAKERTON DR, Toronto, Ontario ",3,2,2
"$479,900 ","#1008 -1480 BAYLY ST, Pickering, Ontario ",1,0,1
"$669,000 ","#103 -275 BAMBURGH CIRC, Toronto, Ontario ",2,1,2
"$685,000 ","#2507 -60 TOWN CENTRE CRT, Toronto, Ontario ",2,1,2
"$1,200,000 ","#317 -993 QUEEN ST W, Toronto, Ontario ",1,0,1
"$799,900 ","#317 -100 DALHOUSIE ST, Toronto, Ontario ",2,0,2
"$848,800 ","#23 -90 CASTLEBURY CRES W, Toronto, Ontario ",3,0,4
"$599,999 ","#S1611 -5915 YONGE ST, Toronto, Ontario ",1,1,2
"$1,148,800 ","#112 -21 BURKEBROOK PL, Toronto, Ontario ",2,1,2
"$620,000 ","#720 -500 WILSON AVE, Toronto, Ontario ",2,0,2
"$775,000 ","#2302 -21 CARLTON ST, Toronto, Ontario ",2,0,2
"$618,000 ","#509 -500 WILSON AVE, Toronto, Ontario ",2,0,3
"$669,000 ","#1508 -50 ANN O'REILLY RD, Toronto, Ontario ",2,0,2
"$1,995,000 ","#506 -1 STRATHGOWAN AVE, Toronto, Ontario ",2,0,2
"$998,000 ","#701 -40 ROSEHILL AVE, Toronto, Ontario ",1,1,2
"$699,900 ","#1206 -8 COVINGTON RD, Toronto, Ontario ",2,0,2
"$499,900 ","#705 -115 BLUE JAYS WAY, Toronto, Ontario ",1,0,1
"$665,000 ","#3608 -101 PETER ST W, Toronto, Ontario ",1,0,1
"$1,950,000 ","#4602 -5 ST. JOSEPH ST, Toronto, Ontario ",2,1,2
"$2,380,000 ","35 GRANGEMILL CRES, Toronto, Ontario ",3,0,2
"$825,500 ","#127 -11 RUTTAN ST, Toronto, Ontario ",2,1,2
"$999,000 ","#2923 -28 WIDMER ST, Toronto, Ontario ",2,0,2
"$839,000 ","75 WELDRICK Road E Unit# 823, Richmond Hill, Ontario ",3,0,3
"$588,000 ","3985 GRAND PARK Drive Unit# 1804, Mississauga, Ontario ",1,0,1
"$2,789,000 ","8 BYWOOD DR, Toronto, Ontario ",4,0,5
"$2,089,990 ","16 CATHERWOOD CRT, Brampton, Ontario ",4,0,4
"$719,000 ","#202 -1478 QUEEN ST W, Toronto, Ontario ",1,0,2
"$1,199,900 ","#PH4804 -3975 GRAND PARK DR, Mississauga, Ontario ",3,1,2
"$499,900 ","#501 -7 SMITH CRES, Toronto, Ontario ",1,0,1
"$2,498,000 ","52 ASHMOUNT CRES, Toronto, Ontario ",5,1,5
"$1,049,990 ","129 THISTLE DOWN BLVD, Toronto, Ontario ",4,0,2
"$565,900 ","#1216 -1060 SHEPPARD AVE W, Toronto, Ontario ",1,1,1
"$729,000 ","#21 -180 MISSISSAUGA VALLEY BLVD, Mississauga, Ontario ",4,1,3
"$879,000 ","22 UTOPIA WAY, Brampton, Ontario ",3,0,3
"$288,000 ","#921 -3460 KEELE ST, Toronto, Ontario ",2,0,1
"$1,599,999 ","26 CLEARFIELD DR N, Brampton, Ontario ",4,0,4
"$1,099,000 ","86 LANGSIDE AVE, Toronto, Ontario ",3,3,3
"$1,149,900 ","38 VANDERPOOL CRES, Brampton, Ontario ",4,2,4
"$1,679,000 ","#101 -9 BURNHAMTHORPE CRES, Toronto, Ontario ",2,0,3
"$4,488,000 ","343 WATSON AVE, Oakville, Ontario ",5,0,5
"$788,000 ","#906 -1195 THE QUEENSWAY ST, Toronto, Ontario ",2,0,2
"$939,900 ","#4209 -2200 LAKE SHORE BLVD W, Toronto, Ontario ",2,1,2
"$7,999,900 ","94 CUMBERLAND Drive, Mississauga, Ontario ",4,1,6
"$799,000 ","#806 -6 DAVID EYER RD, Richmond Hill, Ontario ",2,0,2
"$1,988,000 ","52 SHALE CRES, Vaughan, Ontario ",4,1,5
"$599,000 ","#101 -9075 JANE ST, Vaughan, Ontario ",1,1,1
"$1,988,000 ","52 SHALE CRES, Vaughan, Ontario ",4,1,5
"$819,000 ","#1018 -376 HIGHWAY 7  E, Richmond Hill, Ontario ",2,1,2
"$5,300,000 ","117 DEXTER RD, Richmond Hill, Ontario ",5,2,9
"$1,989,000 ","107 BEL CANTO CRES, Richmond Hill, Ontario ",5,1,5
"$4,980,000 ","148 HILLSVIEW DR, Richmond Hill, Ontario ",5,2,9
"$678,800 ","#603 -9075 JANE ST, Vaughan, Ontario ",2,1,2
"$899,000 ","#809 -1000 ELGIN MILLS RD E, Richmond Hill, Ontario ",3,0,3
"$648,000 ","#2716 -8960 JANE ST, Vaughan, Ontario ",1,1,2
"$549,900 ","#2505 -950 PORTAGE PKWY, Vaughan, Ontario ",2,0,2
"$2,399,000 ","35 CONDOR AVE, Toronto, Ontario ",4,1,5
"$589,000 ","#208 -121 LING RD, Toronto, Ontario ",2,0,2
"$549,999 ","#302 -1701 MCCOWAN RD, Toronto, Ontario ",3,0,2
"$549,000 ","#1515 -1480 BAYLY ST, Pickering, Ontario ",1,1,1
"$799,900 ","45 LOWRY SQ, Toronto, Ontario ",3,2,4
"$759,000 ","10 HEMANS CRT, Ajax, Ontario ",3,0,3
"$872,000 ","1950 BOWLER DR, Pickering, Ontario ",3,0,2
"$1,199,000 ","21 VERRAL AVE, Toronto, Ontario ",3,0,2
"$529,888 ","#319 -20 JOHN ST, Toronto, Ontario ",1,0,1
"$638,000 ","#602 -1 PEMBERTON AVE, Toronto, Ontario ",1,1,1
"$1,099,000 ","#703 -223 ST CLAIR AVE W, Toronto, Ontario ",2,1,2
"$729,000 ","#1103 -87 PETER ST, Toronto, Ontario ",2,0,1
"$629,900 ","#1013 -108 PETER ST, Toronto, Ontario ",1,0,1
"$645,000 ","#913 -1005 KING ST W, Toronto, Ontario ",1,0,1
"$2,058,880 ","12 FIRTHWAY CRT, Toronto, Ontario ",3,2,2
"$995,000 ","#206 -1717 AVENUE RD, Toronto, Ontario ",1,1,2
"$1,199,000 ","#3504 -180 UNIVERSITY AVE, Toronto, Ontario ",1,0,1
"$599,900 ","#2803 -32 FOREST MANOR RD, Toronto, Ontario ",1,1,1
"$3,999,000 ","9 SANDFIELD RD, Toronto, Ontario ",3,1,4
"$674,888 ","#PH03 -10 WILLISON SQ, Toronto, Ontario ",1,0,1
"$499,000 ","##1202 -161 ROEHAMPTON AVE, Toronto, Ontario ",1,1,1
"$4,250,000 ","177 ST LEONARD'S AVE, Toronto, Ontario ",5,1,5
"$499,000 ","#323 -38 MONTE KWINTER CRT, Toronto, Ontario ",2,0,1
"$618,000 ","#2711 NT -99 BROADWAY AVE, Toronto, Ontario ",1,1,2
"$499,900 ","#701 -159 WELLESLEY ST E, Toronto, Ontario ",1,1,1
"$1,029,000 ","#1409 -5915 YONGE ST, Toronto, Ontario ",2,0,2
"$1,599,000 ","99 PARK HOME AVE, Toronto, Ontario ",3,0,1
"$2,499,000 ","467 BEDFORD PARK AVE, Toronto, Ontario ",4,0,3
"$730,000 ","#PH33 -1 EDGEWATER DR, Toronto, Ontario ",1,1,1
"$2,789,000 ","8 BYWOOD Drive, Etobicoke, Ontario ",4,1,5
"$879,900 ","130 Tenth Street, Unit #1, Etobicoke, Ontario ",2,0,2
"$4,488,000 ","343 WATSON Avenue, Oakville, Ontario ",5,0,5
"$999,000 ","59 FOURTH ST, Toronto, Ontario ",3,1,2
"$998,000 ","#102 -497 HORNER AVE, Toronto, Ontario ",3,0,2
"$1,200,000 ","72 AMORO DR, Toronto, Ontario ",3,0,2
"$988,000 ","2694 TRUSCOTT DR, Mississauga, Ontario ",4,0,2
"$1,999,000 ","757 MEADOW WOOD RD, Mississauga, Ontario ",2,1,2
"$849,999 ","#1 -66 LONGBRANCH AVE, Toronto, Ontario ",2,0,2
"$1,749,000 ","727 OXFORD ST, Toronto, Ontario ",5,0,4
"$1,649,000 ","393 ROYAL YORK RD, Toronto, Ontario ",6,0,6
"$2,998,000 ","2343 DARLINGTON TR, Oakville, Ontario ",4,2,5
"$579,000 ","#2608 -251 MANITOBA ST, Toronto, Ontario ",1,0,1
"$599,900 ","#601 -5101 DUNDAS ST, Toronto, Ontario ",1,1,1
"$499,000 ","#78 -90 CANON JACKSON DR, Toronto, Ontario ",1,0,1
"$739,000 ","#2106 -4099 BRICKSTONE MEWS, Mississauga, Ontario ",2,1,2
"$2,999,000 ","1234 OLD RIVER RD, Mississauga, Ontario ",4,1,5
"$1,899,900 ","386 MOONGLOW CRT, Mississauga, Ontario ",4,1,4
"$869,000 ","31 BROOKMERE RD, Toronto, Ontario ",3,1,3
"$1,175,000 ","#117A -11782 NINTH LINE, Whitchurch-Stouffville, Ontario ",3,0,3
"$1,288,000 ","33 BRIDLEPATH ST, Richmond Hill, Ontario ",3,1,4
"$1,650,000 ","328 WILLIAMSON RD, Markham, Ontario ",4,2,5
"$1,088,000 ","#107 -1331 MAJOR MACKENZIE DR, Vaughan, Ontario ",4,0,3
"$1,199,900 ","7 TURNHOUSE CRES, Markham, Ontario ",3,1,3
"$679,000 ","#816 -6 DAVID EYER RD, Richmond Hill, Ontario ",1,1,2
"$1,069,000 ","#TH108 -3 ROSEWATER ST, Richmond Hill, Ontario ",3,1,3
"$1,298,000 ","33 KING WILLIAM CRES, Richmond Hill, Ontario ",4,0,3
"$999,800 ","276 ROY RAINEY AVE, Markham, Ontario ",3,0,3
"$780,000 ","#1517 -610 BULLOCK DR, Markham, Ontario ",1,0,2
"$1,188,000 ","11735 TENTH LINE, Whitchurch-Stouffville, Ontario ",4,0,3
"$1,499,000 ","21 SYLVESTER CRT, Vaughan, Ontario ",4,0,3
"$3,800,000 ","163 HILLSVIEW DR, Richmond Hill, Ontario ",6,0,7
"$838,000 ","#809 -33 WELDRICK RD E, Richmond Hill, Ontario ",2,1,2
"$1,549,900 ","17 WELLSPRING AVE, Richmond Hill, Ontario ",5,2,5
"$1,998,000 ","157 JOANNA CRES, Vaughan, Ontario ",4,1,4
"$1,458,000 ","20 THORNE LANE, Markham, Ontario ",3,1,3
"$1,359,900 ","637 HIGHVIEW RD, Pickering, Ontario ",4,3,5
"$949,000 ","112 BIMBROK RD, Toronto, Ontario ",3,1,3
"$469,900 ","#310 -225 VILLAGE GREEN SQ, Toronto, Ontario ",1,0,1
"$649,000 ","#1611 -1346 DANFORTH RD, Toronto, Ontario ",2,1,2
"$899,000 ","504 DOWNLAND DR, Pickering, Ontario ",3,0,2
"$829,888 ","#57 -1850 KINGSTON RD, Pickering, Ontario ",3,0,3
"$749,900 ","#816 -60 BATHURST ST, Toronto, Ontario ",1,0,1
"$999,990 ","#301 -2 BRIAN PECK CRES, Toronto, Ontario ",3,0,2
"$499,900 ","#3201 -12 YORK ST, Toronto, Ontario ",1,0,1
"$1,180,000 ","#2708 -32 DAVENPORT RD, Toronto, Ontario ",2,0,2
"$9,988,000 ","230 DUNVEGAN RD, Toronto, Ontario ",5,1,6
"$799,900 ","#910 -25 ADRA GRADO WAY, Toronto, Ontario ",2,0,2
"$1,278,000 ","#404 -1200 DON MILLS RD, Toronto, Ontario ",2,0,2
"$939,900 ","#2109 -2181 YONGE ST, Toronto, Ontario ",2,1,2
"$4,295,000 ","5 RELMAR RD, Toronto, Ontario ",2,1,4
"$668,000 ","#3311 -45 CHARLES ST E, Toronto, Ontario ",1,1,2
"$869,900 ","#TH121 -5418 YONGE ST, Toronto, Ontario ",2,0,2
"$788,888 ","#507 -11 WELLESLEY ST W, Toronto, Ontario ",1,1,1
"$659,000 ","#105 -415 JARVIS ST, Toronto, Ontario ",2,0,1
"$614,999 ","#2012 -185 ROEHAMPTON AVE, Toronto, Ontario ",1,0,1
"$1,999,000 ","757 MEADOW WOOD Road, Mississauga, Ontario ",2,1,2
"$2,400,000 ","421 PALMER AVE, Oakville, Ontario ",3,0,3
"$435,000 ","#715 -2433 DUFFERIN ST, Toronto, Ontario ",0,0,1
"$715,000 ","#1802 -625 THE WEST MALL, Toronto, Ontario ",3,1,2
"$1,199,000 ","29 GADANI DR, Markham, Ontario ",3,1,4
"$2,399,000 ","11 DUNROBIN CRES, Vaughan, Ontario ",4,1,5
"$1,150,000 ","657 SUNBIRD TR, Pickering, Ontario ",3,0,3
"$1,689,800 ","557 PINE RIDGE RD, Pickering, Ontario ",3,0,2
"$550,000 ","#510 -1540 PICKERING PKWY, Pickering, Ontario ",3,1,2
"$768,000 ","#901 -45 CHARLES ST E, Toronto, Ontario ",1,1,1
"$3,298,000 ","500 HOUNSLOW AVE, Toronto, Ontario ",4,2,7
"$689,000 ","#1501 -50 FOREST MANOR RD, Toronto, Ontario ",1,1,2
"$1,499,000 ","#17 -3180 BAYVIEW AVE, Toronto, Ontario ",4,0,4
"$1,550,000 ","3985 GRAND PARK Drive Unit# PH2803, Mississauga, Ontario ",3,0,4
"$2,400,000 ","421 PALMER Avenue, Oakville, Ontario ",3,0,3
"$749,000 ","#303 -64 SIDNEY BELSEY CRES, Toronto, Ontario ",4,0,3
"$375,000 ","#713 -2737 KEELE ST, Toronto, Ontario ",1,0,1
"$799,000 ","#105 -20 NORTH PARK RD, Vaughan, Ontario ",2,0,2
"$750,000 ","#606 -11611 YONGE ST N, Richmond Hill, Ontario ",2,0,2
"$1,299,900 ","75 RUFFLE LANE, Richmond Hill, Ontario ",3,1,4
"$1,390,000 ","15 CHIARA DR, Vaughan, Ontario ",4,2,4
"$1,080,000 ","59 BOITON ST. ST E, Richmond Hill, Ontario ",4,0,3
"$1,299,000 ","55 SAIL CRES, Vaughan, Ontario ",3,0,4
"$1,688,000 ","43 HEWLETT CRES, Markham, Ontario ",4,0,4
"$1,190,000 ","58 TAMBROOK DR, Toronto, Ontario ",3,1,4
"$899,999 ","#307 -609 AVENUE RD, Toronto, Ontario ",2,1,2
"$949,999 ","#1916 -90 PARK LAWN RD, Toronto, Ontario ",2,1,2
"$799,900 ","#225 -30 SHORE BREEZE DR, Toronto, Ontario ",2,0,2
"$499,900 ","#2710 -3975 GRAND PARK DR, Mississauga, Ontario ",1,1,1
"$829,900 ","#56 -3500 SOUTH MILLWAY, Mississauga, Ontario ",3,0,3
"$620,000 ","#1410 -2285 LAKE SHORE BLVD W, Toronto, Ontario ",1,0,1
"$699,999 ","#65 -2035 ASTA DR, Mississauga, Ontario ",3,1,2
"$849,000 ","9 PEACH TREE PATH, Toronto, Ontario ",3,0,3
"$649,999 ","#2313 -6 DAYSPRING CIRC, Brampton, Ontario ",2,1,2
"$1,350,000 ","10 MAJOR BUTTONS DR, Markham, Ontario ",3,0,2
"$1,688,000 ","28 NEWMILL CRES, Richmond Hill, Ontario ",4,2,4
"$1,899,000 ","17 BECKETT AVE, Markham, Ontario ",5,0,5
"$1,498,000 ","62 LAGUNA CRES, Markham, Ontario ",4,1,4
"$1,518,000 ","207 PARADELLE DR, Richmond Hill, Ontario ",4,1,4
"$1,160,000 ","61 VESSEL CRES, Toronto, Ontario ",3,0,3
"$1,699,888 ","269 HOWELL CRES, Pickering, Ontario ",4,0,4
"$699,000 ","#3703 -115 MCMAHON DR, Toronto, Ontario ",2,0,2
"$1,549,000 ","109 BEDFORD PARK AVE, Toronto, Ontario ",3,1,2
"$749,888 ","#4104 -8 THE ESPLANADE, Toronto, Ontario ",1,1,1
"$499,000 ","#2506 -725 DONMILLS RD, Toronto, Ontario ",2,0,1
"$4,299,000 ","121 GLENGROVE AVE W, Toronto, Ontario ",4,0,5
"$1,099,000 ","62 BEDLE AVE, Toronto, Ontario ",5,5,2
"$829,900 ","3500 SOUTH MILLWAY Unit# 56, Mississauga, Ontario ",3,0,3
"$45,000 ","#A-24 -3170 ERIN MILLS PKWY, Mississauga, Ontario ",0,0,0
"$1,399,000 ","28 GIBSON AVE, Toronto, Ontario ",3,0,3
"$835,888 ","#617 -140 WIDDICOMBE HILL BLVD, Toronto, Ontario ",2,1,2
"$1,199,000 ","61 WESTHOLME AVE, Toronto, Ontario ",5,0,3
"$2,998,000 ","58 FRED VARLEY DR, Markham, Ontario ",4,1,6
"$999,000 ","19 CHICAGO LANE, Markham, Ontario ",4,0,3
"$1,000,888 ","60 ERINTOL WAY, Markham, Ontario ",4,0,4
"$1,588,000 ","289 FRANK ENDEAN RD, Richmond Hill, Ontario ",4,1,4
"$1,980,000 ","38 BALDRY AVE, Vaughan, Ontario ",5,1,5
"$999,000 ","373 O'CONNOR DR, Toronto, Ontario ",2,1,2
"$899,000 ","#1606 -18 PARKVIEW AVE, Toronto, Ontario ",3,0,2
"$549,900 ","#302 -478 KING ST W, Toronto, Ontario ",1,1,1
"$549,900 ","#1001 -8 TIPPETT RD, Toronto, Ontario ",1,0,1
"$699,900 ","35 MARINER Terrace Unit# 5007, Toronto, Ontario ",1,0,1
"$45,000 ","3170 ERIN MILLS Parkway Unit# A-24, Mississauga, Ontario ",0,0,0
"$1,048,990 ","#806 -1063 DOUGLAS MCCURDY COMM, Mississauga, Ontario ",2,1,2
"$494,888 ","#207 -4 ELSINORE PATH, Toronto, Ontario ",1,1,1
"$1,159,988 ","29 ANDRESS WAY, Markham, Ontario ",4,0,4
"$1,498,000 ","48 HARRIS CRES, Vaughan, Ontario ",3,2,4
"$888,000 ","1610 AUTUMN CRES, Pickering, Ontario ",3,1,2
"$949,999 ","1503 HONEY LOCUST PL, Pickering, Ontario ",4,0,3
"$1,775,000 ","70 DUNSTALL CRES, Toronto, Ontario ",2,0,2
"$1,080,000 ","53 BERGEN RD, Toronto, Ontario ",3,2,2
"$520,000 ","#710 -8 SILVERBELL GRVE, Toronto, Ontario ",1,1,2
"$699,900 ","#102 -250 FINCH AVE, Pickering, Ontario ",3,0,3
"$4,999,000 ","24 ST ANDREWS GDNS, Toronto, Ontario ",6,1,4
"$579,000 ","#502 -39 SHERBOURNE ST, Toronto, Ontario ",1,0,1
"$769,000 ","#510 -35 BRIAN PECK CRES, Toronto, Ontario ",2,0,2
"$2,888,000 ","158 NORTHCLIFFE BLVD, Toronto, Ontario ",6,2,5
"$549,900 ","#910 -14 YORK ST, Toronto, Ontario ",1,1,1
"$1,395,000 ","#409 -993 QUEEN ST W, Toronto, Ontario ",1,0,1
"$1,048,990 ","1063 DOUGLAS MCCURDY Common Unit# 806, Peel, Ontario ",2,0,2
"$928,000 ","#12 -750 BURNHAMTHORPE RD E, Mississauga, Ontario ",4,0,4
"$579,000 ","#427 -25 KINGSBRIDGE GARDEN CIRC, Mississauga, Ontario ",1,0,1
"$1,499,900 ","508 CONCORD AVE, Toronto, Ontario ",6,1,3
"$625,000 ","#705 -1461 LAWRENCE AVE W, Toronto, Ontario ",2,0,2
"$669,000 ","#410 -2177 BURNHAMTHORPE RD W, Mississauga, Ontario ",2,0,2
"$745,000 ","#801 -350 PRINCESS ROYAL DR, Mississauga, Ontario ",2,1,2
"$1,749,900 ","935B ISLINGTON AVE, Toronto, Ontario ",3,0,5
"$620,000 ","#910 -420 MILL RD, Toronto, Ontario ",2,0,1
"$559,900 ","#1501N -3 HICKORY TREE RD, Toronto, Ontario ",2,0,2
"$1,599,999 ","54 KILLINGTON AVE, Vaughan, Ontario ",4,1,4
"$3,680,000 ","415 FLAMINGO RD, Vaughan, Ontario ",5,0,6
"$839,900 ","#405 -6 DAVID EYER RD, Richmond Hill, Ontario ",2,0,2
"$1,688,000 ","12 CORDUROY RD, Markham, Ontario ",4,1,4
"$1,174,900 ","#707 -150 LOGAN AVE, Toronto, Ontario ",3,1,2
"$584,999 ","#1804 -430 MCLEVIN AVE, Toronto, Ontario ",2,0,2
"$649,000 ","#18 -1331 GLENANNA RD, Pickering, Ontario ",3,1,2
"$1,159,900 ","39 ST QUENTIN AVE, Toronto, Ontario ",3,3,2
"$1,159,900 ","39 ST QUENTIN AVE, Toronto, Ontario ",3,3,2
"$618,000 ","#1410 -8 EGLINTON AVE E, Toronto, Ontario ",1,0,1
"$2,449,900 ","#304 -150 HEATH ST W, Toronto, Ontario ",2,0,2
"$618,000 ","#123 -2035 SHEPPARD AVE E, Toronto, Ontario ",1,1,1
"$3,699,000 ","#PH1 -409 BLOOR ST E, Toronto, Ontario ",3,0,5
"$799,900 ","#TH32 -68 CARR ST, Toronto, Ontario ",2,0,2
"$1,275,000 ","#2904 -88 SCOTT ST, Toronto, Ontario ",2,1,2
"$643,900 ","#2407 -25 RICHMOND ST E, Toronto, Ontario ",1,0,2
"$1,299,999 ","25 HOLLY ST, Toronto, Ontario ",2,0,2
"$1,299,000 ","#101 -338 DAVENPORT RD, Toronto, Ontario ",2,1,3
"$669,000 ","#717 -75 CANTERBURY PL, Toronto, Ontario ",2,0,1
"$1,295,000 ","23 Priscilla Avenue N, Toronto, Ontario ",3,0,1
"$1,199,900 ","33 BLUFFWOOD CRES, Brampton, Ontario ",4,0,3
"$1,299,999 ","#7 -4009 GLEN ERIN DR, Mississauga, Ontario ",3,1,4
"$999,888 ","6 HORNELL ST, Toronto, Ontario ",2,0,2
"$1,689,000 ","#1206 -1 PALACE PIER CRT, Toronto, Ontario ",2,0,3
"$9,998,000 ","210 CHARTWELL RD, Oakville, Ontario ",3,1,6
"$598,888 ","#1611 -5 VALHALLA INN RD, Toronto, Ontario ",1,1,1
"$549,900 ","#2313 -35 TRAILWOOD DR, Mississauga, Ontario ",2,0,2
"$489,900 ","#2037 -3025 FINCH AVE W, Toronto, Ontario ",2,0,1
"$1,085,000 ","89 MILLER ST, Toronto, Ontario ",3,0,3
"$1,898,000 ","381 QUEBEC AVE, Toronto, Ontario ",4,0,3
"$749,900 ","#1306 -251 MANITOBA ST, Toronto, Ontario ",2,0,1
"$1,149,000 ","#605 -333 CLARK AVE S, Vaughan, Ontario ",2,0,2
"$435,000 ","#1603 -10 HONEYCRISP CRES, Vaughan, Ontario ",0,0,1
"$1,488,000 ","45 WARBLER AVE, Vaughan, Ontario ",4,1,5
"$749,000 ","58 KINDALE WAY, Markham, Ontario ",3,0,2
"$728,000 ","#LPH8 -9 NORTHERN HEIGHTS DR, Richmond Hill, Ontario ",2,0,2
"$1,449,800 ","322 NAPA VALLEY AVE, Vaughan, Ontario ",4,1,4
"$1,188,000 ","25 PUGSLEY AVE, Richmond Hill, Ontario ",3,1,4
"$799,800 ","#4002 -5 BUTTERMILL AVE, Vaughan, Ontario ",3,0,2
"$789,888 ","#278 -326 JOHN ST, Markham, Ontario ",2,0,3
"$2,300,000 ","188 SUNNYRIDGE AVE, Whitchurch-Stouffville, Ontario ",5,0,4
"$1,599,000 ","12 BROOKGREENE CRES, Richmond Hill, Ontario ",4,1,5
"$1,695,000 ","5A MCGEE ST, Toronto, Ontario ",3,1,4
"$1,589,000 ","582 PHARMACY AVE, Toronto, Ontario ",4,3,5
"$1,388,800 ","7 FALLEN OAK ST, Toronto, Ontario ",4,2,4
"$499,000 ","#112 -1 FALAISE RD, Toronto, Ontario ",2,0,2
"$2,299,000 ","120 LISGAR ST, Toronto, Ontario ",3,2,4
"$7,995,000 ","9 POST RD, Toronto, Ontario ",7,1,10
"$729,900 ","#1105 -2 REAN DR, Toronto, Ontario ",2,0,2
"$815,000 ","#1805 -609 AVENUE RD, Toronto, Ontario ",1,1,2
"$399,900 ","#1409 -120 ST PATRICK ST, Toronto, Ontario ",1,0,1
"$1,850,000 ","#1402 -10 DELISLE AVE, Toronto, Ontario ",2,0,2
"$639,000 ","#241 -1005 KING ST W, Toronto, Ontario ",1,0,1
"$614,900 ","#822 -352 FRONT ST W, Toronto, Ontario ",1,1,1
"$2,998,000 ","46 HASLEMERE RD, Toronto, Ontario ",4,1,4
"$1,239,900 ","#2607 -825 CHURCH ST, Toronto, Ontario ",3,1,2
"$2,998,000 ","46 HASLEMERE RD, Toronto, Ontario ",4,1,4
"$1,788,888 ","370 ROSEWELL AVE, Toronto, Ontario ",3,0,3
"$529,000 ","#604 -100 LEEWARD GLWY, Toronto, Ontario ",3,0,2
"$599,000 ","#N121 -120 BAYVIEW AVE, Toronto, Ontario ",1,1,2
"$739,000 ","#1004 -28 TED ROGERS WAY S, Toronto, Ontario ",2,0,1
"$2,195,000 ","44 HEDDINGTON AVE, Toronto, Ontario ",3,1,2
"$789,000 ","#1601 -426 UNIVERSITY AVE, Toronto, Ontario ",1,1,1
"$1,699,900 ","408 WINONA DR, Toronto, Ontario ",3,0,4
"$70,000 ","12 BONNYCASTLE ST, Toronto, Ontario ",0,0,0
"$498,888 ","38 JOE SHUSTER Way Unit# 719, Toronto, Ontario ",1,0,1
"$9,998,000 ","210 CHARTWELL Road, Oakville, Ontario ",3,1,6
"$999,888 ","6 HORNELL Street, Etobicoke, Ontario ",2,0,2
"$899,900 ","1539 NAPANEE RD, Pickering, Ontario ",3,0,3
"$1,649,000 ","3526 OLD ORCHARD PARK DR, Mississauga, Ontario ",4,0,4
"$648,888 ","#1706 -90 ABSOLUTE AVE, Mississauga, Ontario ",2,1,2
"$1,099,000 ","72 HARVIE AVE, Toronto, Ontario ",3,1,3
"$629,600 ","#602 -810 SCOLLARD CRT, Mississauga, Ontario ",2,0,2
"$1,250,000 ","2472 DEER RUN AVE, Oakville, Ontario ",0,0,0
"$950,000 ","2572 LUNDENE RD, Mississauga, Ontario ",3,0,2
"$669,000 ","#802 -1 ELM DR W, Mississauga, Ontario ",2,0,2
"$539,900 ","#1404 -1360 RATHBURN RD, Mississauga, Ontario ",2,0,2
"$1,699,900 ","1879 TRUSCOTT DR, Mississauga, Ontario ",4,0,2
"$949,900 ","#45 -2155 SOUTH MILLWAY, Mississauga, Ontario ",2,0,3
"$599,000 ","#208 -1110 WALDEN CIRC, Mississauga, Ontario ",2,0,2
"$919,000 ","#153 -25 VIKING LANE, Toronto, Ontario ",2,1,3
"$898,000 ","#106 -35 WABASH AVE, Toronto, Ontario ",1,1,2
"$2,500,000 ","1340 CONTOUR DR, Mississauga, Ontario ",3,0,3
"$699,900 ","3435 WOODHURST CRES, Mississauga, Ontario ",3,1,3
"$869,000 ","#538 -22 SOUTHPORT ST, Toronto, Ontario ",2,1,2
"$1,325,000 ","66 LOBO MEWS, Toronto, Ontario ",3,0,2
"$899,999 ","#6 -21 EASTVIEW GATE, Brampton, Ontario ",3,0,4
"$999,000 ","34 WALSH AVE, Toronto, Ontario ",5,1,3
"$599,900 ","#908 -350 PRINCESS ROYAL DR, Mississauga, Ontario ",1,1,2
"$989,000 ","#23 -4165 FIELDGATE DR S, Mississauga, Ontario ",3,0,3
"$1,099,000 ","86 BENJAMIN BOAKE TR, Toronto, Ontario ",3,0,2
"$1,649,000 ","3526 OLD ORCHARD PARK Drive, Mississauga, Ontario ",4,0,4
"$2,288,800 ","8 EDENBROOK CRES, Richmond Hill, Ontario ",4,0,4
"$725,000 ","#1022 -1000 ELGIN MILLS RD E, Richmond Hill, Ontario ",2,0,3
"$1,088,000 ","19 DELRAY DR, Markham, Ontario ",2,0,2
"$1,998,800 ","52 BERNBRIDGE RD, Markham, Ontario ",4,2,4
"$699,000 ","#415 -39 NEW DELHI DR, Markham, Ontario ",3,0,2
"$525,000 ","#310 -350 RED MAPLE RD, Richmond Hill, Ontario ",1,0,1
"$1,699,999 ","211 NORFOLK AVE, Richmond Hill, Ontario ",3,2,2
"$949,900 ","#212 -10101 YONGE ST N, Richmond Hill, Ontario ",2,1,2
"$1,288,800 ","116 BOTICELLI WAY, Vaughan, Ontario ",3,0,3
"$2,000,000 ","72 FRATER AVE, Toronto, Ontario ",3,0,5
"$899,000 ","94 BOULTBEE AVE, Toronto, Ontario ",2,1,2
"$1,690,000 ","8 CADORNA AVE, Toronto, Ontario ",3,1,2
"$999,000 ","413 MAIN ST, Toronto, Ontario ",3,0,2
"$799,000 ","#101 -1350 KINGSTON RD, Toronto, Ontario ",2,0,2
"$929,000 ","28 TRINNELL BLVD, Toronto, Ontario ",3,2,2
"$829,900 ","#A316 -3453 VICTORIA PARK AVE, Toronto, Ontario ",2,1,3
"$598,000 ","#1710 -130 RIVER ST, Toronto, Ontario ",1,1,1
"$749,900 ","#LPH12 -608 RICHMOND ST W, Toronto, Ontario ",1,1,1
"$892,900 ","#205 -123 PORTLAND ST, Toronto, Ontario ",1,0,1
"$920,000 ","#1401 -65 BREMNER BLVD, Toronto, Ontario ",2,1,2
"$569,000 ","#621 -151 DAN LECKIE WAY, Toronto, Ontario ",1,1,1
"$699,900 ","#204 -123 PORTLAND ST, Toronto, Ontario ",1,0,1
"$2,999,999 ","15 MERREDIN PL, Toronto, Ontario ",3,0,3
"$1,898,000 ","23 LAWNVIEW DR, Toronto, Ontario ",4,1,4
"$699,000 ","115 MARBURY CRES, Toronto, Ontario ",3,1,2
"$699,000 ","#501 -1700 EGLINTON AVE E, Toronto, Ontario ",2,1,2
"$588,800 ","#208 -33 MILL ST, Toronto, Ontario ",1,0,1
"$1,999,900 ","125 MADISON AVE, Toronto, Ontario ",0,0,9
"$1,999,900 ","125 MADISON AVE, Toronto, Ontario ",9,0,9
"$1,100,000 ","#PH12 -650 SHEPPARD AVE E, Toronto, Ontario ",3,0,2
"$638,800 ","#3709 -426 UNIVERSITY AVE, Toronto, Ontario ",1,0,1
"$599,900 ","#3201 -33 MILL ST, Toronto, Ontario ",1,0,1
"$599,000 ","#G06 -350 WELLINGTON ST, Toronto, Ontario ",1,0,1
"$499,000 ","#4003 -403 CHURCH ST, Toronto, Ontario ",0,0,1
"$789,900 ","#162 -47 ELSA VINE WAY, Toronto, Ontario ",3,0,2
"$1,790,000 ","120 FLORENCE AVE, Toronto, Ontario ",4,0,3
"$3,280,000 ","17 BRAMBLE DR, Toronto, Ontario ",3,1,4
"$609,850 ","#412 -14 YORK ST, Toronto, Ontario ",1,1,1
"$2,100,000 ","2084 PINEVIEW Drive, Oakville, Ontario ",4,1,4
"$725,000 ","1000 ELGIN MILLS Road E Unit# 1022, Richmond Hill, Ontario ",2,0,3
"$1,250,000 ","2472 DEER RUN Avenue, Oakville, Ontario ",0,0,0
"$949,900 ","2155 SOUTH MILLWAY, Mississauga, Ontario ",2,0,3
"$1,699,900 ","1879 Truscott Drive, Mississauga, Ontario ",4,0,2
"$1,097,777 ","21 PARK Street E Unit# 1207, Mississauga, Ontario ",2,1,3
"$775,000 ","44 CAMERON ST, Ajax, Ontario ",3,0,1
"$1,228,000 ","1194 MCCRANEY ST E, Oakville, Ontario ",3,0,3
"$1,999,999 ","982 SILVER BIRCH TR, Mississauga, Ontario ",4,0,4
"$699,000 ","#2507 -80 ABSOLUTE AVE, Mississauga, Ontario ",2,1,2
"$1,198,000 ","115 LANSDOWNE AVE, Toronto, Ontario ",3,0,2
"$999,900 ","#16 -1970 BLOOR ST W, Toronto, Ontario ",2,1,3
"$599,000 ","#102 -2170 BROMSGROVE RD, Mississauga, Ontario ",3,0,2
"$1,560,000 ","196 WINCOTT DR, Toronto, Ontario ",4,0,4
"$584,900 ","#408 -1050 THE QUEENSWAY, Toronto, Ontario ",1,1,1
"$3,199,888 ","540 SIR RICHARD'S RD, Mississauga, Ontario ",3,2,4
"$1,798,000 ","2 BLACKDOWN CRES, Toronto, Ontario ",3,0,3
"$1,180,000 ","47 FREDERICK TISDALE DR, Toronto, Ontario ",5,0,5
"$1,249,000 ","#104 -1180 CAWTHRA RD, Mississauga, Ontario ",3,0,3
"$1,549,888 ","204 RYERSON RD, Oakville, Ontario ",4,0,3
"$699,000 ","#515 -430 RONCESVALLES AVE, Toronto, Ontario ",1,1,1
"$649,900 ","#509 -1787 ST CLAIR AVE W, Toronto, Ontario ",1,1,1
"$1,479,000 ","130 HOPE ST, Toronto, Ontario ",3,0,2
"$1,289,999 ","247 ALDERBRAE AVE, Toronto, Ontario ",2,0,2
"$999,900 ","169 CHAPMAN RD, Toronto, Ontario ",2,1,2
"$1,097,777 ","#1207 -21 PARK ST E, Mississauga, Ontario ",2,1,3
"$960,000 ","37 COTMAN CRES, Toronto, Ontario ",3,0,2
"$698,000 ","#1309 -1410 DUPONT ST, Toronto, Ontario ",2,0,2
"$689,000 ","#607 -350 PRINCESS ROYAL DR, Mississauga, Ontario ",2,0,2
"$1,849,000 ","615 BROWNS LINE S, Toronto, Ontario ",3,1,2
"$3,179,000 ","272 PINEHURST DR, Oakville, Ontario ",3,2,3
"$2,500,000 ","1340 CONTOUR Drive, Mississauga, Ontario ",3,0,3
"$1,688,300 ","7 BAYNARDS LANE, Richmond Hill, Ontario ",4,1,5
$1 ,"0 WOODBINE AVE, Markham, Ontario ",0,0,0
"$1,479,000 ","130 HOPE ST, Toronto, Ontario ",3,0,2
"$1,289,999 ","247 ALDERBRAE AVE, Toronto, Ontario ",2,0,2
"$999,900 ","169 CHAPMAN RD, Toronto, Ontario ",2,1,2
"$1,097,777 ","#1207 -21 PARK ST E, Mississauga, Ontario ",2,1,3
"$960,000 ","37 COTMAN CRES, Toronto, Ontario ",3,0,2
"$698,000 ","#1309 -1410 DUPONT ST, Toronto, Ontario ",2,0,2
"$689,000 ","#607 -350 PRINCESS ROYAL DR, Mississauga, Ontario ",2,0,2
"$1,849,000 ","615 BROWNS LINE S, Toronto, Ontario ",3,1,2
"$3,179,000 ","272 PINEHURST DR, Oakville, Ontario ",3,2,3
"$2,500,000 ","1340 CONTOUR Drive, Mississauga, Ontario ",3,0,3
"$1,688,300 ","7 BAYNARDS LANE, Richmond Hill, Ontario ",4,1,5
$1 ,"0 WOODBINE AVE, Markham, Ontario ",0,0,0
"$1,479,000 ","130 HOPE ST, Toronto, Ontario ",3,0,2
"$1,289,999 ","247 ALDERBRAE AVE, Toronto, Ontario ",2,0,2
"$999,900 ","169 CHAPMAN RD, Toronto, Ontario ",2,1,2
"$1,097,777 ","#1207 -21 PARK ST E, Mississauga, Ontario ",2,1,3
"$960,000 ","37 COTMAN CRES, Toronto, Ontario ",3,0,2
"$698,000 ","#1309 -1410 DUPONT ST, Toronto, Ontario ",2,0,2
"$689,000 ","#607 -350 PRINCESS ROYAL DR, Mississauga, Ontario ",2,0,2
"$1,849,000 ","615 BROWNS LINE S, Toronto, Ontario ",3,1,2
"$3,179,000 ","272 PINEHURST DR, Oakville, Ontario ",3,2,3
"$2,500,000 ","1340 CONTOUR Drive, Mississauga, Ontario ",3,0,3
"$1,688,300 ","7 BAYNARDS LANE, Richmond Hill, Ontario ",4,1,5
$1 ,"0 WOODBINE AVE, Markham, Ontario ",0,0,0
"$1,479,000 ","130 HOPE ST, Toronto, Ontario ",3,0,2
"$1,289,999 ","247 ALDERBRAE AVE, Toronto, Ontario ",2,0,2
"$999,900 ","169 CHAPMAN RD, Toronto, Ontario ",2,1,2
"$1,097,777 ","#1207 -21 PARK ST E, Mississauga, Ontario ",2,1,3
"$960,000 ","37 COTMAN CRES, Toronto, Ontario ",3,0,2
"$698,000 ","#1309 -1410 DUPONT ST, Toronto, Ontario ",2,0,2
"$689,000 ","#607 -350 PRINCESS ROYAL DR, Mississauga, Ontario ",2,0,2
"$1,849,000 ","615 BROWNS LINE S, Toronto, Ontario ",3,1,2
"$3,179,000 ","272 PINEHURST DR, Oakville, Ontario ",3,2,3
"$2,500,000 ","1340 CONTOUR Drive, Mississauga, Ontario ",3,0,3
"$1,688,300 ","7 BAYNARDS LANE, Richmond Hill, Ontario ",4,1,5
$1 ,"0 WOODBINE AVE, Markham, Ontario ",0,0,0
"$1,479,000 ","130 HOPE ST, Toronto, Ontario ",3,0,2
"$1,289,999 ","247 ALDERBRAE AVE, Toronto, Ontario ",2,0,2
"$999,900 ","169 CHAPMAN RD, Toronto, Ontario ",2,1,2
"$1,097,777 ","#1207 -21 PARK ST E, Mississauga, Ontario ",2,1,3
"$960,000 ","37 COTMAN CRES, Toronto, Ontario ",3,0,2
"$698,000 ","#1309 -1410 DUPONT ST, Toronto, Ontario ",2,0,2
"$689,000 ","#607 -350 PRINCESS ROYAL DR, Mississauga, Ontario ",2,0,2
"$1,849,000 ","615 BROWNS LINE S, Toronto, Ontario ",3,1,2
"$3,179,000 ","272 PINEHURST DR, Oakville, Ontario ",3,2,3
"$2,500,000 ","1340 CONTOUR Drive, Mississauga, Ontario ",3,0,3
"$1,688,300 ","7 BAYNARDS LANE, Richmond Hill, Ontario ",4,1,5
$1 ,"0 WOODBINE AVE, Markham, Ontario ",0,0,0
"$1,479,000 ","130 HOPE ST, Toronto, Ontario ",3,0,2
"$1,289,999 ","247 ALDERBRAE AVE, Toronto, Ontario ",2,0,2
"$999,900 ","169 CHAPMAN RD, Toronto, Ontario ",2,1,2
"$1,097,777 ","#1207 -21 PARK ST E, Mississauga, Ontario ",2,1,3
"$960,000 ","37 COTMAN CRES, Toronto, Ontario ",3,0,2
"$698,000 ","#1309 -1410 DUPONT ST, Toronto, Ontario ",2,0,2
"$689,000 ","#607 -350 PRINCESS ROYAL DR, Mississauga, Ontario ",2,0,2
"$1,849,000 ","615 BROWNS LINE S, Toronto, Ontario ",3,1,2
"$3,179,000 ","272 PINEHURST DR, Oakville, Ontario ",3,2,3
"$2,500,000 ","1340 CONTOUR Drive, Mississauga, Ontario ",3,0,3
"$1,688,300 ","7 BAYNARDS LANE, Richmond Hill, Ontario ",4,1,5
$1 ,"0 WOODBINE AVE, Markham, Ontario ",0,0,0
"$1,479,000 ","130 HOPE ST, Toronto, Ontario ",3,0,2
"$1,289,999 ","247 ALDERBRAE AVE, Toronto, Ontario ",2,0,2
"$999,900 ","169 CHAPMAN RD, Toronto, Ontario ",2,1,2
"$1,097,777 ","#1207 -21 PARK ST E, Mississauga, Ontario ",2,1,3
"$960,000 ","37 COTMAN CRES, Toronto, Ontario ",3,0,2
"$698,000 ","#1309 -1410 DUPONT ST, Toronto, Ontario ",2,0,2
"$689,000 ","#607 -350 PRINCESS ROYAL DR, Mississauga, Ontario ",2,0,2
"$1,849,000 ","615 BROWNS LINE S, Toronto, Ontario ",3,1,2
"$3,179,000 ","272 PINEHURST DR, Oakville, Ontario ",3,2,3
"$2,500,000 ","1340 CONTOUR Drive, Mississauga, Ontario ",3,0,3
"$1,688,300 ","7 BAYNARDS LANE, Richmond Hill, Ontario ",4,1,5
$1 ,"0 WOODBINE AVE, Markham, Ontario ",0,0,0
"$1,479,000 ","130 HOPE ST, Toronto, Ontario ",3,0,2
"$1,289,999 ","247 ALDERBRAE AVE, Toronto, Ontario ",2,0,2
"$999,900 ","169 CHAPMAN RD, Toronto, Ontario ",2,1,2
"$1,097,777 ","#1207 -21 PARK ST E, Mississauga, Ontario ",2,1,3
"$960,000 ","37 COTMAN CRES, Toronto, Ontario ",3,0,2
"$698,000 ","#1309 -1410 DUPONT ST, Toronto, Ontario ",2,0,2
"$689,000 ","#607 -350 PRINCESS ROYAL DR, Mississauga, Ontario ",2,0,2
"$1,849,000 ","615 BROWNS LINE S, Toronto, Ontario ",3,1,2
"$3,179,000 ","272 PINEHURST DR, Oakville, Ontario ",3,2,3
"$2,500,000 ","1340 CONTOUR Drive, Mississauga, Ontario ",3,0,3
"$1,688,300 ","7 BAYNARDS LANE, Richmond Hill, Ontario ",4,1,5
$1 ,"0 WOODBINE AVE, Markham, Ontario ",0,0,0
"$1,479,000 ","130 HOPE ST, Toronto, Ontario ",3,0,2
"$1,289,999 ","247 ALDERBRAE AVE, Toronto, Ontario ",2,0,2
"$999,900 ","169 CHAPMAN RD, Toronto, Ontario ",2,1,2
"$1,097,777 ","#1207 -21 PARK ST E, Mississauga, Ontario ",2,1,3
"$960,000 ","37 COTMAN CRES, Toronto, Ontario ",3,0,2
"$698,000 ","#1309 -1410 DUPONT ST, Toronto, Ontario ",2,0,2
"$689,000 ","#607 -350 PRINCESS ROYAL DR, Mississauga, Ontario ",2,0,2
"$1,849,000 ","615 BROWNS LINE S, Toronto, Ontario ",3,1,2
"$3,179,000 ","272 PINEHURST DR, Oakville, Ontario ",3,2,3
"$2,500,000 ","1340 CONTOUR Drive, Mississauga, Ontario ",3,0,3
"$1,688,300 ","7 BAYNARDS LANE, Richmond Hill, Ontario ",4,1,5
$1 ,"0 WOODBINE AVE, Markham, Ontario ",0,0,0
"$1,479,000 ","130 HOPE ST, Toronto, Ontario ",3,0,2
"$1,289,999 ","247 ALDERBRAE AVE, Toronto, Ontario ",2,0,2
"$999,900 ","169 CHAPMAN RD, Toronto, Ontario ",2,1,2
"$1,097,777 ","#1207 -21 PARK ST E, Mississauga, Ontario ",2,1,3
"$960,000 ","37 COTMAN CRES, Toronto, Ontario ",3,0,2
"$698,000 ","#1309 -1410 DUPONT ST, Toronto, Ontario ",2,0,2
"$689,000 ","#607 -350 PRINCESS ROYAL DR, Mississauga, Ontario ",2,0,2
"$1,849,000 ","615 BROWNS LINE S, Toronto, Ontario ",3,1,2
"$3,179,000 ","272 PINEHURST DR, Oakville, Ontario ",3,2,3
"$2,500,000 ","1340 CONTOUR Drive, Mississauga, Ontario ",3,0,3
"$1,688,300 ","7 BAYNARDS LANE, Richmond Hill, Ontario ",4,1,5
$1 ,"0 WOODBINE AVE, Markham, Ontario ",0,0,0
"$1,479,000 ","130 HOPE ST, Toronto, Ontario ",3,0,2
"$1,289,999 ","247 ALDERBRAE AVE, Toronto, Ontario ",2,0,2
"$999,900 ","169 CHAPMAN RD, Toronto, Ontario ",2,1,2
"$1,097,777 ","#1207 -21 PARK ST E, Mississauga, Ontario ",2,1,3
"$960,000 ","37 COTMAN CRES, Toronto, Ontario ",3,0,2
"$698,000 ","#1309 -1410 DUPONT ST, Toronto, Ontario ",2,0,2
"$689,000 ","#607 -350 PRINCESS ROYAL DR, Mississauga, Ontario ",2,0,2
"$1,849,000 ","615 BROWNS LINE S, Toronto, Ontario ",3,1,2
"$3,179,000 ","272 PINEHURST DR, Oakville, Ontario ",3,2,3
"$2,500,000 ","1340 CONTOUR Drive, Mississauga, Ontario ",3,0,3
"$1,688,300 ","7 BAYNARDS LANE, Richmond Hill, Ontario ",4,1,5
$1 ,"0 WOODBINE AVE, Markham, Ontario ",0,0,0
"$1,479,000 ","130 HOPE ST, Toronto, Ontario ",3,0,2
"$1,289,999 ","247 ALDERBRAE AVE, Toronto, Ontario ",2,0,2
"$999,900 ","169 CHAPMAN RD, Toronto, Ontario ",2,1,2
"$1,097,777 ","#1207 -21 PARK ST E, Mississauga, Ontario ",2,1,3
"$960,000 ","37 COTMAN CRES, Toronto, Ontario ",3,0,2
"$698,000 ","#1309 -1410 DUPONT ST, Toronto, Ontario ",2,0,2
"$689,000 ","#607 -350 PRINCESS ROYAL DR, Mississauga, Ontario ",2,0,2
"$1,849,000 ","615 BROWNS LINE S, Toronto, Ontario ",3,1,2
"$3,179,000 ","272 PINEHURST DR, Oakville, Ontario ",3,2,3
"$2,500,000 ","1340 CONTOUR Drive, Mississauga, Ontario ",3,0,3
"$1,688,300 ","7 BAYNARDS LANE, Richmond Hill, Ontario ",4,1,5
$1 ,"0 WOODBINE AVE, Markham, Ontario ",0,0,0
"$1,479,000 ","130 HOPE ST, Toronto, Ontario ",3,0,2
"$1,289,999 ","247 ALDERBRAE AVE, Toronto, Ontario ",2,0,2
"$999,900 ","169 CHAPMAN RD, Toronto, Ontario ",2,1,2
"$1,097,777 ","#1207 -21 PARK ST E, Mississauga, Ontario ",2,1,3
"$960,000 ","37 COTMAN CRES, Toronto, Ontario ",3,0,2
"$698,000 ","#1309 -1410 DUPONT ST, Toronto, Ontario ",2,0,2
"$689,000 ","#607 -350 PRINCESS ROYAL DR, Mississauga, Ontario ",2,0,2
"$1,849,000 ","615 BROWNS LINE S, Toronto, Ontario ",3,1,2
"$3,179,000 ","272 PINEHURST DR, Oakville, Ontario ",3,2,3
"$2,500,000 ","1340 CONTOUR Drive, Mississauga, Ontario ",3,0,3
"$1,688,300 ","7 BAYNARDS LANE, Richmond Hill, Ontario ",4,1,5
$1 ,"0 WOODBINE AVE, Markham, Ontario ",0,0,0
"$1,479,000 ","130 HOPE ST, Toronto, Ontario ",3,0,2
"$1,289,999 ","247 ALDERBRAE AVE, Toronto, Ontario ",2,0,2
"$999,900 ","169 CHAPMAN RD, Toronto, Ontario ",2,1,2
"$1,097,777 ","#1207 -21 PARK ST E, Mississauga, Ontario ",2,1,3
"$960,000 ","37 COTMAN CRES, Toronto, Ontario ",3,0,2
"$698,000 ","#1309 -1410 DUPONT ST, Toronto, Ontario ",2,0,2
"$689,000 ","#607 -350 PRINCESS ROYAL DR, Mississauga, Ontario ",2,0,2
"$1,849,000 ","615 BROWNS LINE S, Toronto, Ontario ",3,1,2
"$3,179,000 ","272 PINEHURST DR, Oakville, Ontario ",3,2,3
"$2,500,000 ","1340 CONTOUR Drive, Mississauga, Ontario ",3,0,3
"$1,688,300 ","7 BAYNARDS LANE, Richmond Hill, Ontario ",4,1,5
$1 ,"0 WOODBINE AVE, Markham, Ontario ",0,0,0
"$1,479,000 ","130 HOPE ST, Toronto, Ontario ",3,0,2
"$1,289,999 ","247 ALDERBRAE AVE, Toronto, Ontario ",2,0,2
"$999,900 ","169 CHAPMAN RD, Toronto, Ontario ",2,1,2
"$1,097,777 ","#1207 -21 PARK ST E, Mississauga, Ontario ",2,1,3
"$960,000 ","37 COTMAN CRES, Toronto, Ontario ",3,0,2
"$698,000 ","#1309 -1410 DUPONT ST, Toronto, Ontario ",2,0,2
"$689,000 ","#607 -350 PRINCESS ROYAL DR, Mississauga, Ontario ",2,0,2
"$1,849,000 ","615 BROWNS LINE S, Toronto, Ontario ",3,1,2
"$3,179,000 ","272 PINEHURST DR, Oakville, Ontario ",3,2,3
"$2,500,000 ","1340 CONTOUR Drive, Mississauga, Ontario ",3,0,3
"$1,688,300 ","7 BAYNARDS LANE, Richmond Hill, Ontario ",4,1,5
$1 ,"0 WOODBINE AVE, Markham, Ontario ",0,0,0
"$1,479,000 ","130 HOPE ST, Toronto, Ontario ",3,0,2
"$1,289,999 ","247 ALDERBRAE AVE, Toronto, Ontario ",2,0,2
"$999,900 ","169 CHAPMAN RD, Toronto, Ontario ",2,1,2
"$1,097,777 ","#1207 -21 PARK ST E, Mississauga, Ontario ",2,1,3
"$960,000 ","37 COTMAN CRES, Toronto, Ontario ",3,0,2
"$698,000 ","#1309 -1410 DUPONT ST, Toronto, Ontario ",2,0,2
"$689,000 ","#607 -350 PRINCESS ROYAL DR, Mississauga, Ontario ",2,0,2
"$1,849,000 ","615 BROWNS LINE S, Toronto, Ontario ",3,1,2
"$3,179,000 ","272 PINEHURST DR, Oakville, Ontario ",3,2,3
"$2,500,000 ","1340 CONTOUR Drive, Mississauga, Ontario ",3,0,3
"$1,688,300 ","7 BAYNARDS LANE, Richmond Hill, Ontario ",4,1,5
$1 ,"0 WOODBINE AVE, Markham, Ontario ",0,0,0
"$1,479,000 ","130 HOPE ST, Toronto, Ontario ",3,0,2
"$1,289,999 ","247 ALDERBRAE AVE, Toronto, Ontario ",2,0,2
"$999,900 ","169 CHAPMAN RD, Toronto, Ontario ",2,1,2
"$1,097,777 ","#1207 -21 PARK ST E, Mississauga, Ontario ",2,1,3
"$960,000 ","37 COTMAN CRES, Toronto, Ontario ",3,0,2
"$698,000 ","#1309 -1410 DUPONT ST, Toronto, Ontario ",2,0,2
"$689,000 ","#607 -350 PRINCESS ROYAL DR, Mississauga, Ontario ",2,0,2
"$1,849,000 ","615 BROWNS LINE S, Toronto, Ontario ",3,1,2
"$3,179,000 ","272 PINEHURST DR, Oakville, Ontario ",3,2,3
"$2,500,000 ","1340 CONTOUR Drive, Mississauga, Ontario ",3,0,3
"$1,688,300 ","7 BAYNARDS LANE, Richmond Hill, Ontario ",4,1,5
$1 ,"0 WOODBINE AVE, Markham, Ontario ",0,0,0
"$1,479,000 ","130 HOPE ST, Toronto, Ontario ",3,0,2
"$1,289,999 ","247 ALDERBRAE AVE, Toronto, Ontario ",2,0,2
"$999,900 ","169 CHAPMAN RD, Toronto, Ontario ",2,1,2
"$1,097,777 ","#1207 -21 PARK ST E, Mississauga, Ontario ",2,1,3
"$960,000 ","37 COTMAN CRES, Toronto, Ontario ",3,0,2
"$698,000 ","#1309 -1410 DUPONT ST, Toronto, Ontario ",2,0,2
"$689,000 ","#607 -350 PRINCESS ROYAL DR, Mississauga, Ontario ",2,0,2
"$1,849,000 ","615 BROWNS LINE S, Toronto, Ontario ",3,1,2
"$3,179,000 ","272 PINEHURST DR, Oakville, Ontario ",3,2,3
"$2,500,000 ","1340 CONTOUR Drive, Mississauga, Ontario ",3,0,3
"$1,688,300 ","7 BAYNARDS LANE, Richmond Hill, Ontario ",4,1,5
$1 ,"0 WOODBINE AVE, Markham, Ontario ",0,0,0
"$1,479,000 ","130 HOPE ST, Toronto, Ontario ",3,0,2
"$1,289,999 ","247 ALDERBRAE AVE, Toronto, Ontario ",2,0,2
"$999,900 ","169 CHAPMAN RD, Toronto, Ontario ",2,1,2
"$1,097,777 ","#1207 -21 PARK ST E, Mississauga, Ontario ",2,1,3
"$960,000 ","37 COTMAN CRES, Toronto, Ontario ",3,0,2
"$698,000 ","#1309 -1410 DUPONT ST, Toronto, Ontario ",2,0,2
"$689,000 ","#607 -350 PRINCESS ROYAL DR, Mississauga, Ontario ",2,0,2
"$1,849,000 ","615 BROWNS LINE S, Toronto, Ontario ",3,1,2
"$3,179,000 ","272 PINEHURST DR, Oakville, Ontario ",3,2,3
"$2,500,000 ","1340 CONTOUR Drive, Mississauga, Ontario ",3,0,3
"$1,688,300 ","7 BAYNARDS LANE, Richmond Hill, Ontario ",4,1,5
$1 ,"0 WOODBINE AVE, Markham, Ontario ",0,0,0
"$1,479,000 ","130 HOPE ST, Toronto, Ontario ",3,0,2
"$1,289,999 ","247 ALDERBRAE AVE, Toronto, Ontario ",2,0,2
"$999,900 ","169 CHAPMAN RD, Toronto, Ontario ",2,1,2
"$1,097,777 ","#1207 -21 PARK ST E, Mississauga, Ontario ",2,1,3
"$960,000 ","37 COTMAN CRES, Toronto, Ontario ",3,0,2
"$698,000 ","#1309 -1410 DUPONT ST, Toronto, Ontario ",2,0,2
"$689,000 ","#607 -350 PRINCESS ROYAL DR, Mississauga, Ontario ",2,0,2
"$1,849,000 ","615 BROWNS LINE S, Toronto, Ontario ",3,1,2
"$3,179,000 ","272 PINEHURST DR, Oakville, Ontario ",3,2,3
"$2,500,000 ","1340 CONTOUR Drive, Mississauga, Ontario ",3,0,3
"$1,688,300 ","7 BAYNARDS LANE, Richmond Hill, Ontario ",4,1,5
$1 ,"0 WOODBINE AVE, Markham, Ontario ",0,0,0
"$1,479,000 ","130 HOPE ST, Toronto, Ontario ",3,0,2
"$1,289,999 ","247 ALDERBRAE AVE, Toronto, Ontario ",2,0,2
"$999,900 ","169 CHAPMAN RD, Toronto, Ontario ",2,1,2
"$1,097,777 ","#1207 -21 PARK ST E, Mississauga, Ontario ",2,1,3
"$960,000 ","37 COTMAN CRES, Toronto, Ontario ",3,0,2
"$698,000 ","#1309 -1410 DUPONT ST, Toronto, Ontario ",2,0,2
"$689,000 ","#607 -350 PRINCESS ROYAL DR, Mississauga, Ontario ",2,0,2
"$1,849,000 ","615 BROWNS LINE S, Toronto, Ontario ",3,1,2
"$3,179,000 ","272 PINEHURST DR, Oakville, Ontario ",3,2,3
"$2,500,000 ","1340 CONTOUR Drive, Mississauga, Ontario ",3,0,3
"$1,688,300 ","7 BAYNARDS LANE, Richmond Hill, Ontario ",4,1,5
$1 ,"0 WOODBINE AVE, Markham, Ontario ",0,0,0
"$1,479,000 ","130 HOPE ST, Toronto, Ontario ",3,0,2
"$1,289,999 ","247 ALDERBRAE AVE, Toronto, Ontario ",2,0,2
"$999,900 ","169 CHAPMAN RD, Toronto, Ontario ",2,1,2
"$1,097,777 ","#1207 -21 PARK ST E, Mississauga, Ontario ",2,1,3
"$960,000 ","37 COTMAN CRES, Toronto, Ontario ",3,0,2
"$698,000 ","#1309 -1410 DUPONT ST, Toronto, Ontario ",2,0,2
"$689,000 ","#607 -350 PRINCESS ROYAL DR, Mississauga, Ontario ",2,0,2
"$1,849,000 ","615 BROWNS LINE S, Toronto, Ontario ",3,1,2
"$3,179,000 ","272 PINEHURST DR, Oakville, Ontario ",3,2,3
"$2,500,000 ","1340 CONTOUR Drive, Mississauga, Ontario ",3,0,3
"$1,688,300 ","7 BAYNARDS LANE, Richmond Hill, Ontario ",4,1,5
$1 ,"0 WOODBINE AVE, Markham, Ontario ",0,0,0
"$1,479,000 ","130 HOPE ST, Toronto, Ontario ",3,0,2
"$1,289,999 ","247 ALDERBRAE AVE, Toronto, Ontario ",2,0,2
"$999,900 ","169 CHAPMAN RD, Toronto, Ontario ",2,1,2
"$1,097,777 ","#1207 -21 PARK ST E, Mississauga, Ontario ",2,1,3
"$960,000 ","37 COTMAN CRES, Toronto, Ontario ",3,0,2
"$698,000 ","#1309 -1410 DUPONT ST, Toronto, Ontario ",2,0,2
"$689,000 ","#607 -350 PRINCESS ROYAL DR, Mississauga, Ontario ",2,0,2
"$1,849,000 ","615 BROWNS LINE S, Toronto, Ontario ",3,1,2
"$3,179,000 ","272 PINEHURST DR, Oakville, Ontario ",3,2,3
"$2,500,000 ","1340 CONTOUR Drive, Mississauga, Ontario ",3,0,3
"$1,688,300 ","7 BAYNARDS LANE, Richmond Hill, Ontario ",4,1,5
$1 ,"0 WOODBINE AVE, Markham, Ontario ",0,0,0
"$1,479,000 ","130 HOPE ST, Toronto, Ontario ",3,0,2
"$1,289,999 ","247 ALDERBRAE AVE, Toronto, Ontario ",2,0,2
"$999,900 ","169 CHAPMAN RD, Toronto, Ontario ",2,1,2
"$1,097,777 ","#1207 -21 PARK ST E, Mississauga, Ontario ",2,1,3
"$960,000 ","37 COTMAN CRES, Toronto, Ontario ",3,0,2
"$698,000 ","#1309 -1410 DUPONT ST, Toronto, Ontario ",2,0,2
"$689,000 ","#607 -350 PRINCESS ROYAL DR, Mississauga, Ontario ",2,0,2
"$1,849,000 ","615 BROWNS LINE S, Toronto, Ontario ",3,1,2
"$3,179,000 ","272 PINEHURST DR, Oakville, Ontario ",3,2,3
"$2,500,000 ","1340 CONTOUR Drive, Mississauga, Ontario ",3,0,3
"$1,688,300 ","7 BAYNARDS LANE, Richmond Hill, Ontario ",4,1,5
$1 ,"0 WOODBINE AVE, Markham, Ontario ",0,0,0
"$1,479,000 ","130 HOPE ST, Toronto, Ontario ",3,0,2
"$1,289,999 ","247 ALDERBRAE AVE, Toronto, Ontario ",2,0,2
"$999,900 ","169 CHAPMAN RD, Toronto, Ontario ",2,1,2
"$1,097,777 ","#1207 -21 PARK ST E, Mississauga, Ontario ",2,1,3
"$960,000 ","37 COTMAN CRES, Toronto, Ontario ",3,0,2
"$698,000 ","#1309 -1410 DUPONT ST, Toronto, Ontario ",2,0,2
"$689,000 ","#607 -350 PRINCESS ROYAL DR, Mississauga, Ontario ",2,0,2
"$1,849,000 ","615 BROWNS LINE S, Toronto, Ontario ",3,1,2
"$3,179,000 ","272 PINEHURST DR, Oakville, Ontario ",3,2,3
"$2,500,000 ","1340 CONTOUR Drive, Mississauga, Ontario ",3,0,3
"$1,688,300 ","7 BAYNARDS LANE, Richmond Hill, Ontario ",4,1,5
$1 ,"0 WOODBINE AVE, Markham, Ontario ",0,0,0
"$1,479,000 ","130 HOPE ST, Toronto, Ontario ",3,0,2
"$1,289,999 ","247 ALDERBRAE AVE, Toronto, Ontario ",2,0,2
"$999,900 ","169 CHAPMAN RD, Toronto, Ontario ",2,1,2
"$1,097,777 ","#1207 -21 PARK ST E, Mississauga, Ontario ",2,1,3
"$960,000 ","37 COTMAN CRES, Toronto, Ontario ",3,0,2
"$698,000 ","#1309 -1410 DUPONT ST, Toronto, Ontario ",2,0,2
"$689,000 ","#607 -350 PRINCESS ROYAL DR, Mississauga, Ontario ",2,0,2
"$1,849,000 ","615 BROWNS LINE S, Toronto, Ontario ",3,1,2
"$3,179,000 ","272 PINEHURST DR, Oakville, Ontario ",3,2,3
"$2,500,000 ","1340 CONTOUR Drive, Mississauga, Ontario ",3,0,3
"$1,688,300 ","7 BAYNARDS LANE, Richmond Hill, Ontario ",4,1,5
$1 ,"0 WOODBINE AVE, Markham, Ontario ",0,0,0
"$1,479,000 ","130 HOPE ST, Toronto, Ontario ",3,0,2
"$1,289,999 ","247 ALDERBRAE AVE, Toronto, Ontario ",2,0,2
"$999,900 ","169 CHAPMAN RD, Toronto, Ontario ",2,1,2
"$1,097,777 ","#1207 -21 PARK ST E, Mississauga, Ontario ",2,1,3
"$960,000 ","37 COTMAN CRES, Toronto, Ontario ",3,0,2
"$698,000 ","#1309 -1410 DUPONT ST, Toronto, Ontario ",2,0,2
"$689,000 ","#607 -350 PRINCESS ROYAL DR, Mississauga, Ontario ",2,0,2
"$1,849,000 ","615 BROWNS LINE S, Toronto, Ontario ",3,1,2
"$3,179,000 ","272 PINEHURST DR, Oakville, Ontario ",3,2,3
"$2,500,000 ","1340 CONTOUR Drive, Mississauga, Ontario ",3,0,3
"$1,688,300 ","7 BAYNARDS LANE, Richmond Hill, Ontario ",4,1,5
$1 ,"0 WOODBINE AVE, Markham, Ontario ",0,0,0
"$1,479,000 ","130 HOPE ST, Toronto, Ontario ",3,0,2
"$1,289,999 ","247 ALDERBRAE AVE, Toronto, Ontario ",2,0,2
"$999,900 ","169 CHAPMAN RD, Toronto, Ontario ",2,1,2
"$1,097,777 ","#1207 -21 PARK ST E, Mississauga, Ontario ",2,1,3
"$960,000 ","37 COTMAN CRES, Toronto, Ontario ",3,0,2
"$698,000 ","#1309 -1410 DUPONT ST, Toronto, Ontario ",2,0,2
"$689,000 ","#607 -350 PRINCESS ROYAL DR, Mississauga, Ontario ",2,0,2
"$1,849,000 ","615 BROWNS LINE S, Toronto, Ontario ",3,1,2
"$3,179,000 ","272 PINEHURST DR, Oakville, Ontario ",3,2,3
"$2,500,000 ","1340 CONTOUR Drive, Mississauga, Ontario ",3,0,3
"$1,688,300 ","7 BAYNARDS LANE, Richmond Hill, Ontario ",4,1,5
$1 ,"0 WOODBINE AVE, Markham, Ontario ",0,0,0
"$1,479,000 ","130 HOPE ST, Toronto, Ontario ",3,0,2
"$1,289,999 ","247 ALDERBRAE AVE, Toronto, Ontario ",2,0,2
"$999,900 ","169 CHAPMAN RD, Toronto, Ontario ",2,1,2
"$1,097,777 ","#1207 -21 PARK ST E, Mississauga, Ontario ",2,1,3
"$960,000 ","37 COTMAN CRES, Toronto, Ontario ",3,0,2
"$698,000 ","#1309 -1410 DUPONT ST, Toronto, Ontario ",2,0,2
"$689,000 ","#607 -350 PRINCESS ROYAL DR, Mississauga, Ontario ",2,0,2
"$1,849,000 ","615 BROWNS LINE S, Toronto, Ontario ",3,1,2
"$3,179,000 ","272 PINEHURST DR, Oakville, Ontario ",3,2,3
"$2,500,000 ","1340 CONTOUR Drive, Mississauga, Ontario ",3,0,3
"$1,688,300 ","7 BAYNARDS LANE, Richmond Hill, Ontario ",4,1,5
$1 ,"0 WOODBINE AVE, Markham, Ontario ",0,0,0
"$1,479,000 ","130 HOPE ST, Toronto, Ontario ",3,0,2
"$1,289,999 ","247 ALDERBRAE AVE, Toronto, Ontario ",2,0,2
"$999,900 ","169 CHAPMAN RD, Toronto, Ontario ",2,1,2
"$1,097,777 ","#1207 -21 PARK ST E, Mississauga, Ontario ",2,1,3
"$960,000 ","37 COTMAN CRES, Toronto, Ontario ",3,0,2
"$698,000 ","#1309 -1410 DUPONT ST, Toronto, Ontario ",2,0,2
"$689,000 ","#607 -350 PRINCESS ROYAL DR, Mississauga, Ontario ",2,0,2
"$1,849,000 ","615 BROWNS LINE S, Toronto, Ontario ",3,1,2
"$3,179,000 ","272 PINEHURST DR, Oakville, Ontario ",3,2,3
"$2,500,000 ","1340 CONTOUR Drive, Mississauga, Ontario ",3,0,3
"$1,688,300 ","7 BAYNARDS LANE, Richmond Hill, Ontario ",4,1,5
$1 ,"0 WOODBINE AVE, Markham, Ontario ",0,0,0
"$1,479,000 ","130 HOPE ST, Toronto, Ontario ",3,0,2
"$1,289,999 ","247 ALDERBRAE AVE, Toronto, Ontario ",2,0,2
"$999,900 ","169 CHAPMAN RD, Toronto, Ontario ",2,1,2
"$1,097,777 ","#1207 -21 PARK ST E, Mississauga, Ontario ",2,1,3
"$960,000 ","37 COTMAN CRES, Toronto, Ontario ",3,0,2
"$698,000 ","#1309 -1410 DUPONT ST, Toronto, Ontario ",2,0,2
"$689,000 ","#607 -350 PRINCESS ROYAL DR, Mississauga, Ontario ",2,0,2
"$1,849,000 ","615 BROWNS LINE S, Toronto, Ontario ",3,1,2
"$3,179,000 ","272 PINEHURST DR, Oakville, Ontario ",3,2,3
"$2,500,000 ","1340 CONTOUR Drive, Mississauga, Ontario ",3,0,3
"$1,688,300 ","7 BAYNARDS LANE, Richmond Hill, Ontario ",4,1,5
$1 ,"0 WOODBINE AVE, Markham, Ontario ",0,0,0
"$1,479,000 ","130 HOPE ST, Toronto, Ontario ",3,0,2
"$1,289,999 ","247 ALDERBRAE AVE, Toronto, Ontario ",2,0,2
"$999,900 ","169 CHAPMAN RD, Toronto, Ontario ",2,1,2
"$1,097,777 ","#1207 -21 PARK ST E, Mississauga, Ontario ",2,1,3
"$960,000 ","37 COTMAN CRES, Toronto, Ontario ",3,0,2
"$698,000 ","#1309 -1410 DUPONT ST, Toronto, Ontario ",2,0,2
"$689,000 ","#607 -350 PRINCESS ROYAL DR, Mississauga, Ontario ",2,0,2
"$1,849,000 ","615 BROWNS LINE S, Toronto, Ontario ",3,1,2
"$3,179,000 ","272 PINEHURST DR, Oakville, Ontario ",3,2,3
"$2,500,000 ","1340 CONTOUR Drive, Mississauga, Ontario ",3,0,3
"$1,688,300 ","7 BAYNARDS LANE, Richmond Hill, Ontario ",4,1,5
$1 ,"0 WOODBINE AVE, Markham, Ontario ",0,0,0
"$1,479,000 ","130 HOPE ST, Toronto, Ontario ",3,0,2
"$1,289,999 ","247 ALDERBRAE AVE, Toronto, Ontario ",2,0,2
"$999,900 ","169 CHAPMAN RD, Toronto, Ontario ",2,1,2
"$1,097,777 ","#1207 -21 PARK ST E, Mississauga, Ontario ",2,1,3
"$960,000 ","37 COTMAN CRES, Toronto, Ontario ",3,0,2
"$698,000 ","#1309 -1410 DUPONT ST, Toronto, Ontario ",2,0,2
"$689,000 ","#607 -350 PRINCESS ROYAL DR, Mississauga, Ontario ",2,0,2
"$1,849,000 ","615 BROWNS LINE S, Toronto, Ontario ",3,1,2
"$3,179,000 ","272 PINEHURST DR, Oakville, Ontario ",3,2,3
"$2,500,000 ","1340 CONTOUR Drive, Mississauga, Ontario ",3,0,3
"$1,688,300 ","7 BAYNARDS LANE, Richmond Hill, Ontario ",4,1,5
$1 ,"0 WOODBINE AVE, Markham, Ontario ",0,0,0
"$1,479,000 ","130 HOPE ST, Toronto, Ontario ",3,0,2
"$1,289,999 ","247 ALDERBRAE AVE, Toronto, Ontario ",2,0,2
"$999,900 ","169 CHAPMAN RD, Toronto, Ontario ",2,1,2
"$1,097,777 ","#1207 -21 PARK ST E, Mississauga, Ontario ",2,1,3
"$960,000 ","37 COTMAN CRES, Toronto, Ontario ",3,0,2
"$698,000 ","#1309 -1410 DUPONT ST, Toronto, Ontario ",2,0,2
"$689,000 ","#607 -350 PRINCESS ROYAL DR, Mississauga, Ontario ",2,0,2
"$1,849,000 ","615 BROWNS LINE S, Toronto, Ontario ",3,1,2
"$3,179,000 ","272 PINEHURST DR, Oakville, Ontario ",3,2,3
"$2,500,000 ","1340 CONTOUR Drive, Mississauga, Ontario ",3,0,3
"$1,688,300 ","7 BAYNARDS LANE, Richmond Hill, Ontario ",4,1,5
$1 ,"0 WOODBINE AVE, Markham, Ontario ",0,0,0
"$1,479,000 ","130 HOPE ST, Toronto, Ontario ",3,0,2
"$1,289,999 ","247 ALDERBRAE AVE, Toronto, Ontario ",2,0,2
"$999,900 ","169 CHAPMAN RD, Toronto, Ontario ",2,1,2
"$1,097,777 ","#1207 -21 PARK ST E, Mississauga, Ontario ",2,1,3
"$960,000 ","37 COTMAN CRES, Toronto, Ontario ",3,0,2
"$698,000 ","#1309 -1410 DUPONT ST, Toronto, Ontario ",2,0,2
"$689,000 ","#607 -350 PRINCESS ROYAL DR, Mississauga, Ontario ",2,0,2
"$1,849,000 ","615 BROWNS LINE S, Toronto, Ontario ",3,1,2
"$3,179,000 ","272 PINEHURST DR, Oakville, Ontario ",3,2,3
"$2,500,000 ","1340 CONTOUR Drive, Mississauga, Ontario ",3,0,3
"$1,688,300 ","7 BAYNARDS LANE, Richmond Hill, Ontario ",4,1,5
$1 ,"0 WOODBINE AVE, Markham, Ontario ",0,0,0
"$1,479,000 ","130 HOPE ST, Toronto, Ontario ",3,0,2
"$1,289,999 ","247 ALDERBRAE AVE, Toronto, Ontario ",2,0,2
"$999,900 ","169 CHAPMAN RD, Toronto, Ontario ",2,1,2
"$1,097,777 ","#1207 -21 PARK ST E, Mississauga, Ontario ",2,1,3
"$960,000 ","37 COTMAN CRES, Toronto, Ontario ",3,0,2
"$698,000 ","#1309 -1410 DUPONT ST, Toronto, Ontario ",2,0,2
"$689,000 ","#607 -350 PRINCESS ROYAL DR, Mississauga, Ontario ",2,0,2
"$1,849,000 ","615 BROWNS LINE S, Toronto, Ontario ",3,1,2
"$3,179,000 ","272 PINEHURST DR, Oakville, Ontario ",3,2,3
"$2,500,000 ","1340 CONTOUR Drive, Mississauga, Ontario ",3,0,3
"$1,688,300 ","7 BAYNARDS LANE, Richmond Hill, Ontario ",4,1,5
$1 ,"0 WOODBINE AVE, Markham, Ontario ",0,0,0
"$1,479,000 ","130 HOPE ST, Toronto, Ontario ",3,0,2
"$1,289,999 ","247 ALDERBRAE AVE, Toronto, Ontario ",2,0,2
"$999,900 ","169 CHAPMAN RD, Toronto, Ontario ",2,1,2
"$1,097,777 ","#1207 -21 PARK ST E, Mississauga, Ontario ",2,1,3
"$960,000 ","37 COTMAN CRES, Toronto, Ontario ",3,0,2
"$698,000 ","#1309 -1410 DUPONT ST, Toronto, Ontario ",2,0,2
"$689,000 ","#607 -350 PRINCESS ROYAL DR, Mississauga, Ontario ",2,0,2
"$1,849,000 ","615 BROWNS LINE S, Toronto, Ontario ",3,1,2
"$3,179,000 ","272 PINEHURST DR, Oakville, Ontario ",3,2,3
"$2,500,000 ","1340 CONTOUR Drive, Mississauga, Ontario ",3,0,3
"$1,688,300 ","7 BAYNARDS LANE, Richmond Hill, Ontario ",4,1,5
$1 ,"0 WOODBINE AVE, Markham, Ontario ",0,0,0
"$1,479,000 ","130 HOPE ST, Toronto, Ontario ",3,0,2
"$1,289,999 ","247 ALDERBRAE AVE, Toronto, Ontario ",2,0,2
"$999,900 ","169 CHAPMAN RD, Toronto, Ontario ",2,1,2
"$1,097,777 ","#1207 -21 PARK ST E, Mississauga, Ontario ",2,1,3
"$960,000 ","37 COTMAN CRES, Toronto, Ontario ",3,0,2
"$698,000 ","#1309 -1410 DUPONT ST, Toronto, Ontario ",2,0,2
"$689,000 ","#607 -350 PRINCESS ROYAL DR, Mississauga, Ontario ",2,0,2
"$1,849,000 ","615 BROWNS LINE S, Toronto, Ontario ",3,1,2
"$3,179,000 ","272 PINEHURST DR, Oakville, Ontario ",3,2,3
"$2,500,000 ","1340 CONTOUR Drive, Mississauga, Ontario ",3,0,3
"$1,688,300 ","7 BAYNARDS LANE, Richmond Hill, Ontario ",4,1,5
$1 ,"0 WOODBINE AVE, Markham, Ontario ",0,0,0
"$1,479,000 ","130 HOPE ST, Toronto, Ontario ",3,0,2
"$1,289,999 ","247 ALDERBRAE AVE, Toronto, Ontario ",2,0,2
"$999,900 ","169 CHAPMAN RD, Toronto, Ontario ",2,1,2
"$1,097,777 ","#1207 -21 PARK ST E, Mississauga, Ontario ",2,1,3
"$960,000 ","37 COTMAN CRES, Toronto, Ontario ",3,0,2
"$698,000 ","#1309 -1410 DUPONT ST, Toronto, Ontario ",2,0,2
"$689,000 ","#607 -350 PRINCESS ROYAL DR, Mississauga, Ontario ",2,0,2
"$1,849,000 ","615 BROWNS LINE S, Toronto, Ontario ",3,1,2
"$3,179,000 ","272 PINEHURST DR, Oakville, Ontario ",3,2,3
"$2,500,000 ","1340 CONTOUR Drive, Mississauga, Ontario ",3,0,3
"$1,688,300 ","7 BAYNARDS LANE, Richmond Hill, Ontario ",4,1,5
$1 ,"0 WOODBINE AVE, Markham, Ontario ",0,0,0
"$1,479,000 ","130 HOPE ST, Toronto, Ontario ",3,0,2
"$1,289,999 ","247 ALDERBRAE AVE, Toronto, Ontario ",2,0,2
"$999,900 ","169 CHAPMAN RD, Toronto, Ontario ",2,1,2
"$1,097,777 ","#1207 -21 PARK ST E, Mississauga, Ontario ",2,1,3
"$960,000 ","37 COTMAN CRES, Toronto, Ontario ",3,0,2
"$698,000 ","#1309 -1410 DUPONT ST, Toronto, Ontario ",2,0,2
"$689,000 ","#607 -350 PRINCESS ROYAL DR, Mississauga, Ontario ",2,0,2
"$1,849,000 ","615 BROWNS LINE S, Toronto, Ontario ",3,1,2
"$3,179,000 ","272 PINEHURST DR, Oakville, Ontario ",3,2,3
"$2,500,000 ","1340 CONTOUR Drive, Mississauga, Ontario ",3,0,3
"$1,688,300 ","7 BAYNARDS LANE, Richmond Hill, Ontario ",4,1,5
$1 ,"0 WOODBINE AVE, Markham, Ontario ",0,0,0
"$1,479,000 ","130 HOPE ST, Toronto, Ontario ",3,0,2
"$1,289,999 ","247 ALDERBRAE AVE, Toronto, Ontario ",2,0,2
"$999,900 ","169 CHAPMAN RD, Toronto, Ontario ",2,1,2
"$1,097,777 ","#1207 -21 PARK ST E, Mississauga, Ontario ",2,1,3
"$960,000 ","37 COTMAN CRES, Toronto, Ontario ",3,0,2
"$698,000 ","#1309 -1410 DUPONT ST, Toronto, Ontario ",2,0,2
"$689,000 ","#607 -350 PRINCESS ROYAL DR, Mississauga, Ontario ",2,0,2
"$1,849,000 ","615 BROWNS LINE S, Toronto, Ontario ",3,1,2
"$3,179,000 ","272 PINEHURST DR, Oakville, Ontario ",3,2,3
"$2,500,000 ","1340 CONTOUR Drive, Mississauga, Ontario ",3,0,3
"$1,688,300 ","7 BAYNARDS LANE, Richmond Hill, Ontario ",4,1,5
$1 ,"0 WOODBINE AVE, Markham, Ontario ",0,0,0
"$1,479,000 ","130 HOPE ST, Toronto, Ontario ",3,0,2
"$1,289,999 ","247 ALDERBRAE AVE, Toronto, Ontario ",2,0,2
"$999,900 ","169 CHAPMAN RD, Toronto, Ontario ",2,1,2
"$1,097,777 ","#1207 -21 PARK ST E, Mississauga, Ontario ",2,1,3
"$960,000 ","37 COTMAN CRES, Toronto, Ontario ",3,0,2
"$698,000 ","#1309 -1410 DUPONT ST, Toronto, Ontario ",2,0,2
"$689,000 ","#607 -350 PRINCESS ROYAL DR, Mississauga, Ontario ",2,0,2
"$1,849,000 ","615 BROWNS LINE S, Toronto, Ontario ",3,1,2
"$3,179,000 ","272 PINEHURST DR, Oakville, Ontario ",3,2,3
"$2,500,000 ","1340 CONTOUR Drive, Mississauga, Ontario ",3,0,3
"$1,688,300 ","7 BAYNARDS LANE, Richmond Hill, Ontario ",4,1,5
$1 ,"0 WOODBINE AVE, Markham, Ontario ",0,0,0
"$1,479,000 ","130 HOPE ST, Toronto, Ontario ",3,0,2
"$1,289,999 ","247 ALDERBRAE AVE, Toronto, Ontario ",2,0,2
"$999,900 ","169 CHAPMAN RD, Toronto, Ontario ",2,1,2
"$1,097,777 ","#1207 -21 PARK ST E, Mississauga, Ontario ",2,1,3
"$960,000 ","37 COTMAN CRES, Toronto, Ontario ",3,0,2
"$698,000 ","#1309 -1410 DUPONT ST, Toronto, Ontario ",2,0,2
"$689,000 ","#607 -350 PRINCESS ROYAL DR, Mississauga, Ontario ",2,0,2
"$1,849,000 ","615 BROWNS LINE S, Toronto, Ontario ",3,1,2
"$3,179,000 ","272 PINEHURST DR, Oakville, Ontario ",3,2,3
"$2,500,000 ","1340 CONTOUR Drive, Mississauga, Ontario ",3,0,3
"$1,688,300 ","7 BAYNARDS LANE, Richmond Hill, Ontario ",4,1,5
$1 ,"0 WOODBINE AVE, Markham, Ontario ",0,0,0
"$1,479,000 ","130 HOPE ST, Toronto, Ontario ",3,0,2
"$1,289,999 ","247 ALDERBRAE AVE, Toronto, Ontario ",2,0,2
"$999,900 ","169 CHAPMAN RD, Toronto, Ontario ",2,1,2
"$1,097,777 ","#1207 -21 PARK ST E, Mississauga, Ontario ",2,1,3
"$960,000 ","37 COTMAN CRES, Toronto, Ontario ",3,0,2
"$698,000 ","#1309 -1410 DUPONT ST, Toronto, Ontario ",2,0,2
"$689,000 ","#607 -350 PRINCESS ROYAL DR, Mississauga, Ontario ",2,0,2
"$1,849,000 ","615 BROWNS LINE S, Toronto, Ontario ",3,1,2
"$3,179,000 ","272 PINEHURST DR, Oakville, Ontario ",3,2,3
"$2,500,000 ","1340 CONTOUR Drive, Mississauga, Ontario ",3,0,3
"$1,688,300 ","7 BAYNARDS LANE, Richmond Hill, Ontario ",4,1,5
$1 ,"0 WOODBINE AVE, Markham, Ontario ",0,0,0
"$1,479,000 ","130 HOPE ST, Toronto, Ontario ",3,0,2
"$1,289,999 ","247 ALDERBRAE AVE, Toronto, Ontario ",2,0,2
"$999,900 ","169 CHAPMAN RD, Toronto, Ontario ",2,1,2
"$1,097,777 ","#1207 -21 PARK ST E, Mississauga, Ontario ",2,1,3
"$960,000 ","37 COTMAN CRES, Toronto, Ontario ",3,0,2
"$698,000 ","#1309 -1410 DUPONT ST, Toronto, Ontario ",2,0,2
"$689,000 ","#607 -350 PRINCESS ROYAL DR, Mississauga, Ontario ",2,0,2
"$1,849,000 ","615 BROWNS LINE S, Toronto, Ontario ",3,1,2
"$3,179,000 ","272 PINEHURST DR, Oakville, Ontario ",3,2,3
"$2,500,000 ","1340 CONTOUR Drive, Mississauga, Ontario ",3,0,3
"$1,688,300 ","7 BAYNARDS LANE, Richmond Hill, Ontario ",4,1,5
$1 ,"0 WOODBINE AVE, Markham, Ontario ",0,0,0
"$1,479,000 ","130 HOPE ST, Toronto, Ontario ",3,0,2
"$1,289,999 ","247 ALDERBRAE AVE, Toronto, Ontario ",2,0,2
"$999,900 ","169 CHAPMAN RD, Toronto, Ontario ",2,1,2
"$1,097,777 ","#1207 -21 PARK ST E, Mississauga, Ontario ",2,1,3
"$960,000 ","37 COTMAN CRES, Toronto, Ontario ",3,0,2
"$698,000 ","#1309 -1410 DUPONT ST, Toronto, Ontario ",2,0,2
"$689,000 ","#607 -350 PRINCESS ROYAL DR, Mississauga, Ontario ",2,0,2
"$1,849,000 ","615 BROWNS LINE S, Toronto, Ontario ",3,1,2
"$3,179,000 ","272 PINEHURST DR, Oakville, Ontario ",3,2,3
"$2,500,000 ","1340 CONTOUR Drive, Mississauga, Ontario ",3,0,3
"$1,688,300 ","7 BAYNARDS LANE, Richmond Hill, Ontario ",4,1,5
$1 ,"0 WOODBINE AVE, Markham, Ontario ",0,0,0
"$1,479,000 ","130 HOPE ST, Toronto, Ontario ",3,0,2
"$1,289,999 ","247 ALDERBRAE AVE, Toronto, Ontario ",2,0,2
"$999,900 ","169 CHAPMAN RD, Toronto, Ontario ",2,1,2
"$1,097,777 ","#1207 -21 PARK ST E, Mississauga, Ontario ",2,1,3
"$960,000 ","37 COTMAN CRES, Toronto, Ontario ",3,0,2
"$698,000 ","#1309 -1410 DUPONT ST, Toronto, Ontario ",2,0,2
"$689,000 ","#607 -350 PRINCESS ROYAL DR, Mississauga, Ontario ",2,0,2
"$1,849,000 ","615 BROWNS LINE S, Toronto, Ontario ",3,1,2
"$3,179,000 ","272 PINEHURST DR, Oakville, Ontario ",3,2,3
"$2,500,000 ","1340 CONTOUR Drive, Mississauga, Ontario ",3,0,3
"$1,688,300 ","7 BAYNARDS LANE, Richmond Hill, Ontario ",4,1,5
$1 ,"0 WOODBINE AVE, Markham, Ontario ",0,0,0
"$1,479,000 ","130 HOPE ST, Toronto, Ontario ",3,0,2
"$1,289,999 ","247 ALDERBRAE AVE, Toronto, Ontario ",2,0,2
"$999,900 ","169 CHAPMAN RD, Toronto, Ontario ",2,1,2
"$1,097,777 ","#1207 -21 PARK ST E, Mississauga, Ontario ",2,1,3
"$960,000 ","37 COTMAN CRES, Toronto, Ontario ",3,0,2
"$698,000 ","#1309 -1410 DUPONT ST, Toronto, Ontario ",2,0,2
"$689,000 ","#607 -350 PRINCESS ROYAL DR, Mississauga, Ontario ",2,0,2
"$1,849,000 ","615 BROWNS LINE S, Toronto, Ontario ",3,1,2
"$3,179,000 ","272 PINEHURST DR, Oakville, Ontario ",3,2,3
"$2,500,000 ","1340 CONTOUR Drive, Mississauga, Ontario ",3,0,3
"$1,688,300 ","7 BAYNARDS LANE, Richmond Hill, Ontario ",4,1,5
$1 ,"0 WOODBINE AVE, Markham, Ontario ",0,0,0
"$1,479,000 ","130 HOPE ST, Toronto, Ontario ",3,0,2
"$1,289,999 ","247 ALDERBRAE AVE, Toronto, Ontario ",2,0,2
"$999,900 ","169 CHAPMAN RD, Toronto, Ontario ",2,1,2
"$1,097,777 ","#1207 -21 PARK ST E, Mississauga, Ontario ",2,1,3
"$960,000 ","37 COTMAN CRES, Toronto, Ontario ",3,0,2
"$698,000 ","#1309 -1410 DUPONT ST, Toronto, Ontario ",2,0,2
"$689,000 ","#607 -350 PRINCESS ROYAL DR, Mississauga, Ontario ",2,0,2
"$1,849,000 ","615 BROWNS LINE S, Toronto, Ontario ",3,1,2
"$3,179,000 ","272 PINEHURST DR, Oakville, Ontario ",3,2,3
"$2,500,000 ","1340 CONTOUR Drive, Mississauga, Ontario ",3,0,3
"$1,688,300 ","7 BAYNARDS LANE, Richmond Hill, Ontario ",4,1,5
$1 ,"0 WOODBINE AVE, Markham, Ontario ",0,0,0
"$1,479,000 ","130 HOPE ST, Toronto, Ontario ",3,0,2
"$1,289,999 ","247 ALDERBRAE AVE, Toronto, Ontario ",2,0,2
"$999,900 ","169 CHAPMAN RD, Toronto, Ontario ",2,1,2
"$1,097,777 ","#1207 -21 PARK ST E, Mississauga, Ontario ",2,1,3
"$960,000 ","37 COTMAN CRES, Toronto, Ontario ",3,0,2
"$698,000 ","#1309 -1410 DUPONT ST, Toronto, Ontario ",2,0,2
"$689,000 ","#607 -350 PRINCESS ROYAL DR, Mississauga, Ontario ",2,0,2
"$1,849,000 ","615 BROWNS LINE S, Toronto, Ontario ",3,1,2
"$3,179,000 ","272 PINEHURST DR, Oakville, Ontario ",3,2,3
"$2,500,000 ","1340 CONTOUR Drive, Mississauga, Ontario ",3,0,3
"$1,688,300 ","7 BAYNARDS LANE, Richmond Hill, Ontario ",4,1,5
$1 ,"0 WOODBINE AVE, Markham, Ontario ",0,0,0
